conflict_id,artifact_id,artifact_name,slot,slot_label,source_id,source_title,record_id,record_name,raw_values,normalized_values,subject_parts,text_support,value_support_detail,text_snippet,text_path,image_support,preferred_image,image_count,image_directory,audit_flags
conflict:gq-object-8e3e641d67:dating,gq-object-8e3e641d67,中和,dating,年代,Gq,古琴,Gq00031,中和,明代(1368~1644年),明代,31_中和,supported,明代(1368~1644年) [supported_normalized:0.95],11. 潞王 “中和” 琴 明 (1368～1644年) 列子式 通长120.8、隐间113、肩宽18.6、肩厚5.8、尾宽14.2、尾厚4.8厘米 20世纪50年代重庆市博物馆收藏 此琴木质面桐底梓。八宝灰胎，通体髹黑漆，磨损处可见下层为红漆，发小蛇腹和牛毛断。龙池为圆形，直径6.1厘米，圆形纳音；凤沼为方形，4.2×4.1厘米，纳音略作圆形。蚌徽，岳山、,/Users/yudong/Desktop/KGExplorer/backend/data/raw/text/Gq-txt-id/Gq00031.txt,record_images_non_diagnostic,mingwen.jpg,12,/Users/yudong/Desktop/KGExplorer/backend/data/raw/image/Gq00031,
conflict:gq-object-8e3e641d67:dating,gq-object-8e3e641d67,中和,dating,年代,Yjzq,一见钟琴,Yjzq00031,中和,崇祯九年(1636年),崇祯九年,31_中和,supported,崇祯九年(1636年) [supported_exact:1],"""今所见路王琴都以""中和""为名,形制、款识、印章、书体都相同,且都是八宝灰胎,每琴皆有编号。 ""崇祯丙子""为崇祯九年(1636年)。路王为明穆宗隆庆五年(1571年)所封,封国在今河南卫辉,仅传两代。此路王为第二代,名朱常房,万历四十六年(1618年)袭封,路简王朱翊修之子,明穆宗朱载垕之孙,号敬一主人、敬一道人。他善书",/Users/yudong/Desktop/KGExplorer/backend/data/raw/text/Yjzq-txt-id/Yjzq00031.txt,record_images_non_diagnostic,qimian.jpg,5,/Users/yudong/Desktop/KGExplorer/backend/data/raw/image/Yjzq00031,
conflict:gq-object-8e3e641d67:form,gq-object-8e3e641d67,中和,form,形制,Gq,古琴,Gq00031,中和,列子式,列子式,31_中和,supported,列子式 [supported_exact:1],11. 潞王 “中和” 琴 明 (1368～1644年) 列子式 通长120.8、隐间113、肩宽18.6、肩厚5.8、尾宽14.2、尾厚4.8厘米 20世纪50年代重庆市博物馆收藏 此琴木质面桐底梓。八宝灰胎，通体髹黑漆，磨损处可见下层为红漆，发小蛇,/Users/yudong/Desktop/KGExplorer/backend/data/raw/text/Gq-txt-id/Gq00031.txt,attribute_linked,qimian.jpg,12,/Users/yudong/Desktop/KGExplorer/backend/data/raw/image/Gq00031,
conflict:gq-object-8e3e641d67:form,gq-object-8e3e641d67,中和,form,形制,Yjzq,一见钟琴,Yjzq00031,中和,"圆形 | 方形 | 龙池圆形,凤沼方形","圆形 | 方形 | 龙池圆形,凤沼方形",31_中和 | 31_凤沼 | 31_龙池,supported,"圆形 [supported_exact:1] | 方形 [supported_exact:1] | 龙池圆形,凤沼方形 [supported_exact:1]","米、肩厚5.8厘米。 面桐底梓,通体黑黑漆,发小尾尾和牛毛断,八宝灰胎;蚌徽,檀木居尾,玉质雁足;龙池圆形,凤沼方形。 琴底项部楷书琴名""中和"",龙池下楷书五言诗一首:""月印长江水,风微滴露清。会到无声处,方知太古情。""落款为""歌一主人"",诗下一宽边大印,篆书""路国世传""。圆形龙池内环刻一周楷书:""大明",/Users/yudong/Desktop/KGExplorer/backend/data/raw/text/Yjzq-txt-id/Yjzq00031.txt,attribute_linked,qimian.jpg,5,/Users/yudong/Desktop/KGExplorer/backend/data/raw/image/Yjzq00031,mixed_subject_scope
conflict:gq-object-8e3e641d67:dating_assessment,gq-object-8e3e641d67,中和,dating_assessment,断代判断,Gq,古琴,Gq00031,中和,崇祯丙子岁(1636年),崇祯丙子岁,31_中和,not_found,崇祯丙子岁(1636年) [not_found:0.5],11. 潞王 “中和” 琴 明 (1368～1644年) 列子式 通长120.8、隐间113、肩宽18.6、肩厚5.8、尾宽14.2、尾厚4.8厘米 20世纪50年代重庆市博物馆收藏 此琴木质面桐底梓。八宝灰胎，通体髹黑漆，磨损处可见下层为红漆，发小蛇腹和牛毛断。龙池为圆形，直径6.1厘米，圆形纳音；凤沼为方形，4.2×4.1厘米，纳音略作圆形。蚌徽，岳山、,/Users/yudong/Desktop/KGExplorer/backend/data/raw/text/Gq-txt-id/Gq00031.txt,record_images_non_diagnostic,mingwen.jpg,12,/Users/yudong/Desktop/KGExplorer/backend/data/raw/image/Gq00031,value_not_found_in_text
conflict:gq-object-8e3e641d67:dating_assessment,gq-object-8e3e641d67,中和,dating_assessment,断代判断,Yjzq,一见钟琴,Yjzq00031,中和,崇祯九年(1636年),崇祯九年,31_中和,supported,崇祯九年(1636年) [supported_exact:1],"""今所见路王琴都以""中和""为名,形制、款识、印章、书体都相同,且都是八宝灰胎,每琴皆有编号。 ""崇祯丙子""为崇祯九年(1636年)。路王为明穆宗隆庆五年(1571年)所封,封国在今河南卫辉,仅传两代。此路王为第二代,名朱常房,万历四十六年(1618年)袭封,路简王朱翊修之子,明穆宗朱载垕之孙,号敬一主人、敬一道人。他善书",/Users/yudong/Desktop/KGExplorer/backend/data/raw/text/Yjzq-txt-id/Yjzq00031.txt,record_images_non_diagnostic,qimian.jpg,5,/Users/yudong/Desktop/KGExplorer/backend/data/raw/image/Yjzq00031,
conflict:gq-object-8e3e641d67:duanwen,gq-object-8e3e641d67,中和,duanwen,断纹,Gq,古琴,Gq00031,中和,小蛇腹断、牛毛断,小蛇腹断、牛毛断,31_中和,not_found,小蛇腹断、牛毛断 [partial:0.8],11. 潞王 “中和” 琴 明 (1368～1644年) 列子式 通长120.8、隐间113、肩宽18.6、肩厚5.8、尾宽14.2、尾厚4.8厘米 20世纪50年代重庆市博物馆收藏 此琴木质面桐底梓。八宝灰胎，通体髹黑漆，磨损处可见下层为红漆，发小蛇腹和牛毛断。龙池为圆形，直径6.1厘米，圆形纳音；凤沼为方形，4.2×4.1厘米，纳音略作圆形。蚌徽，岳山、,/Users/yudong/Desktop/KGExplorer/backend/data/raw/text/Gq-txt-id/Gq00031.txt,attribute_linked,qimian.jpg,12,/Users/yudong/Desktop/KGExplorer/backend/data/raw/image/Gq00031,
conflict:gq-object-8e3e641d67:duanwen,gq-object-8e3e641d67,中和,duanwen,断纹,Yjzq,一见钟琴,Yjzq00031,中和,小尾尾和牛毛断,小尾尾和牛毛断,31_中和,supported,小尾尾和牛毛断 [supported_exact:1],"琴名""中和"",通长120.8厘米、肩宽18.6厘米、肩厚5.8厘米。 面桐底梓,通体黑黑漆,发小尾尾和牛毛断,八宝灰胎;蚌徽,檀木居尾,玉质雁足;龙池圆形,凤沼方形。 琴底项部楷书琴名""中和"",龙池下楷书五言诗一首:""月印长江水,风微滴露清。会到无声处,方知太古情。""落款为""歌一主人"",诗下一宽边大印,篆",/Users/yudong/Desktop/KGExplorer/backend/data/raw/text/Yjzq-txt-id/Yjzq00031.txt,attribute_linked,qimian.jpg,5,/Users/yudong/Desktop/KGExplorer/backend/data/raw/image/Yjzq00031,
conflict:gq-object-8e3e641d67:lacquer,gq-object-8e3e641d67,中和,lacquer,漆色,Gq,古琴,Gq00031,中和,红漆 | 黑漆,红漆 | 黑漆,31_中和,supported,红漆 [supported_exact:1] | 黑漆 [supported_exact:1],宽14.2、尾厚4.8厘米 20世纪50年代重庆市博物馆收藏 此琴木质面桐底梓。八宝灰胎，通体髹黑漆，磨损处可见下层为红漆，发小蛇腹和牛毛断。龙池为圆形，直径6.1厘米，圆形纳音；凤沼为方形，4.2×4.1厘米，纳音略作圆形。蚌徽，岳山、龙龈、焦尾下贴均为檀木，玉质雁足。 琴底项部楷书琴名“中和”，龙池,/Users/yudong/Desktop/KGExplorer/backend/data/raw/text/Gq-txt-id/Gq00031.txt,attribute_linked,qimian.jpg,12,/Users/yudong/Desktop/KGExplorer/backend/data/raw/image/Gq00031,
conflict:gq-object-8e3e641d67:lacquer,gq-object-8e3e641d67,中和,lacquer,漆色,Yjzq,一见钟琴,Yjzq00031,中和,黑漆,黑漆,31_中和,supported,黑漆 [supported_exact:1],"琴名""中和"",通长120.8厘米、肩宽18.6厘米、肩厚5.8厘米。 面桐底梓,通体黑黑漆,发小尾尾和牛毛断,八宝灰胎;蚌徽,檀木居尾,玉质雁足;龙池圆形,凤沼方形。 琴底项部楷书琴名""中和"",龙池下楷书五言诗一首:""月印长江水,风微滴露清。会到无声处,方知太古情。""落款为""歌一主人"",",/Users/yudong/Desktop/KGExplorer/backend/data/raw/text/Yjzq-txt-id/Yjzq00031.txt,attribute_linked,qimian.jpg,5,/Users/yudong/Desktop/KGExplorer/backend/data/raw/image/Yjzq00031,
conflict:gq-object-8e3e641d67:provenance,gq-object-8e3e641d67,中和,provenance,递藏与来源,Gq,古琴,Gq00031,中和,重庆市博物馆,重庆市博物馆,31_中和,supported,重庆市博物馆 [supported_exact:1],4年) 列子式 通长120.8、隐间113、肩宽18.6、肩厚5.8、尾宽14.2、尾厚4.8厘米 20世纪50年代重庆市博物馆收藏 此琴木质面桐底梓。八宝灰胎，通体髹黑漆，磨损处可见下层为红漆，发小蛇腹和牛毛断。龙池为圆形，直径6.1厘米，圆形纳音；凤沼为方形，4.2×4.1厘米，纳音略作圆形。蚌徽，岳山、龙,/Users/yudong/Desktop/KGExplorer/backend/data/raw/text/Gq-txt-id/Gq00031.txt,record_images_non_diagnostic,mingwen.jpg,12,/Users/yudong/Desktop/KGExplorer/backend/data/raw/image/Gq00031,
conflict:gq-object-8e3e641d67:provenance,gq-object-8e3e641d67,中和,provenance,递藏与来源,Yjzq,一见钟琴,Yjzq00031,中和,今河南卫辉,今河南卫辉,31_中和,supported,今河南卫辉 [supported_exact:1],"宝灰胎,每琴皆有编号。 ""崇祯丙子""为崇祯九年(1636年)。路王为明穆宗隆庆五年(1571年)所封,封国在今河南卫辉,仅传两代。此路王为第二代,名朱常房,万历四十六年(1618年)袭封,路简王朱翊修之子,明穆宗朱载垕之孙,号敬一主人、敬一道人。他善书画,通音律,著有《古首正宗》一书,书中记载了该形制的涵义:",/Users/yudong/Desktop/KGExplorer/backend/data/raw/text/Yjzq-txt-id/Yjzq00031.txt,record_images_non_diagnostic,qimian.jpg,5,/Users/yudong/Desktop/KGExplorer/backend/data/raw/image/Yjzq00031,
conflict:gq-object-8e3e641d67:component_material,gq-object-8e3e641d67,中和,component_material,配件材质,Gq,古琴,Gq00031,中和,"檀木岳山、龙龈、焦尾下贴,玉质雁足","檀木岳山、龙龈、焦尾下贴,玉质雁足",31_中和,not_found,"檀木岳山、龙龈、焦尾下贴,玉质雁足 [partial:0.714]",11. 潞王 “中和” 琴 明 (1368～1644年) 列子式 通长120.8、隐间113、肩宽18.6、肩厚5.8、尾宽14.2、尾厚4.8厘米 20世纪50年代重庆市博物馆收藏 此琴木质面桐底梓。八宝灰胎，通体髹黑漆，磨损处可见下层为红漆，发小蛇腹和牛毛断。龙池为圆形，直径6.1厘米，圆形纳音；凤沼为方形，4.2×4.1厘米，纳音略作圆形。蚌徽，岳山、,/Users/yudong/Desktop/KGExplorer/backend/data/raw/text/Gq-txt-id/Gq00031.txt,attribute_linked,qimian.jpg,12,/Users/yudong/Desktop/KGExplorer/backend/data/raw/image/Gq00031,
conflict:gq-object-8e3e641d67:component_material,gq-object-8e3e641d67,中和,component_material,配件材质,Yjzq,一见钟琴,Yjzq00031,中和,檀木居尾 | 玉质雁足,檀木居尾 | 玉质雁足,31_中和,supported,檀木居尾 [supported_exact:1] | 玉质雁足 [supported_exact:1],".8厘米、肩宽18.6厘米、肩厚5.8厘米。 面桐底梓,通体黑黑漆,发小尾尾和牛毛断,八宝灰胎;蚌徽,檀木居尾,玉质雁足;龙池圆形,凤沼方形。 琴底项部楷书琴名""中和"",龙池下楷书五言诗一首:""月印长江水,风微滴露清。会到无声处,方知太古情。""落款为""歌一主人"",诗下一宽边大印,篆书""路国世传""。圆形龙池内",/Users/yudong/Desktop/KGExplorer/backend/data/raw/text/Yjzq-txt-id/Yjzq00031.txt,attribute_linked,qimian.jpg,5,/Users/yudong/Desktop/KGExplorer/backend/data/raw/image/Yjzq00031,
conflict:gq-object-8e3e641d67:inscriber,gq-object-8e3e641d67,中和,inscriber,题刻者,Gq,古琴,Gq00031,中和,敬一主人,敬一主人,31_琴底,supported,敬一主人 [supported_exact:1],玉质雁足。 琴底项部楷书琴名“中和”，龙池下楷书五言诗一首：“月印长江水，风微滴露清。会到无声处，方知太古情。”落款为“敬一主人”，诗下一8.6×8.8厘米宽边大印，篆书“潞国世传”。圆形龙池内环刻一周楷书“大明崇祯丙子岁季秋，潞国制。壹百肆拾叁号”。 潞王琴是著名的明代“四王琴”（宁、衡、益、潞）之一。今,/Users/yudong/Desktop/KGExplorer/backend/data/raw/text/Gq-txt-id/Gq00031.txt,attribute_linked,mingwen.jpg,12,/Users/yudong/Desktop/KGExplorer/backend/data/raw/image/Gq00031,
conflict:gq-object-8e3e641d67:inscriber,gq-object-8e3e641d67,中和,inscriber,题刻者,Yjzq,一见钟琴,Yjzq00031,中和,歌一主人,歌一主人,31_琴底,supported,歌一主人 [supported_exact:1],"项部楷书琴名""中和"",龙池下楷书五言诗一首:""月印长江水,风微滴露清。会到无声处,方知太古情。""落款为""歌一主人"",诗下一宽边大印,篆书""路国世传""。圆形龙池内环刻一周楷书:""大明崇祯丙子岁季秋,路国制。壹佰肆拾叁号。"" 据《池北偶谈》载:""故明路藩散一主人,风尚高雅,尝造琴三千张。予犹见长安市上售其一,有",/Users/yudong/Desktop/KGExplorer/backend/data/raw/text/Yjzq-txt-id/Yjzq00031.txt,record_images_only,qimian.jpg,5,/Users/yudong/Desktop/KGExplorer/backend/data/raw/image/Yjzq00031,
conflict:gq-object-5c621975c4:dating,gq-object-5c621975c4,凤鸣,dating,年代,Gq,古琴,Gq00017,凤鸣,北宋(960~1127年),北宋,17_凤鸣,supported,北宋(960~1127年) [supported_exact:1],3. “凤鸣”琴 北宋（960～1127年） 伶官式 通长127.7、隐间117.7、肩宽22.3、肩厚5.3、尾宽15.4、尾厚4.3厘米 1951年西南文化处移交 此琴木质面底皆桐。薄鹿角霜灰，通体髹黑漆，牛毛断加流水断。池沼皆为长圆形,/Users/yudong/Desktop/KGExplorer/backend/data/raw/text/Gq-txt-id/Gq00017.txt,record_images_non_diagnostic,mingwen.jpg,8,/Users/yudong/Desktop/KGExplorer/backend/data/raw/image/Gq00017,
conflict:gq-object-5c621975c4:dating,gq-object-5c621975c4,凤鸣,dating,年代,QNQY,千年清音,QNQY059,凤鸣,北宋,北宋,59_凤鸣,supported,北宋 [supported_exact:1],北宋伶官式“凤鸣”琴 琴长 127.7 厘米，隐间 117.7 厘米，肩宽 22.3 厘米，尾宽 15.4 厘米，尾厚 4.3 厘米。 1951 年西南文化处移交，重庆中国三峡博物馆藏 琴面底皆桐。薄鹿角,/Users/yudong/Desktop/KGExplorer/backend/data/raw/text/QNQY-txt-id/QNQY059.txt,record_images_non_diagnostic,mingwen.jpg,8,/Users/yudong/Desktop/KGExplorer/backend/data/raw/image/QNQY059,
conflict:gq-object-5c621975c4:dating,gq-object-5c621975c4,凤鸣,dating,年代,Yjzq,一见钟琴,Yjzq00013,凤鸣,景祐元年(1034年) | 景祐元年春日,景祐元年 | 景祐元年春日,13_凤鸣 | 13_铭文,partial,景祐元年(1034年) [partial:0.778] | 景祐元年春日 [supported_exact:1],"琴底项部纂书琴名""凤鸣"",其下阴刻行草四言诗两行:""凤皇来仪,鸣于高岗。文章瑞世,其道大光。""落款为:""景祐元年春日,清画堂主人题。""款下一方章,篆文为""王元颖印""。 《今虞琴刊》曾载此琴,时为袁钧所藏。袁钧字朗如,四川仁寿人,号十三琴斋主。 琴名""凤鸣"",《诗经·卷阿》""凤凰鸣矣,于彼高岗。梧桐生矣,于彼朝阳",/Users/yudong/Desktop/KGExplorer/backend/data/raw/text/Yjzq-txt-id/Yjzq00013.txt,record_images_non_diagnostic,qimian.jpg,5,/Users/yudong/Desktop/KGExplorer/backend/data/raw/image/Yjzq00013,mixed_subject_scope
conflict:gq-object-5c621975c4:form,gq-object-5c621975c4,凤鸣,form,形制,Gq,古琴,Gq00017,凤鸣,伶官式,伶官式,17_凤鸣,supported,伶官式 [supported_exact:1],3. “凤鸣”琴 北宋（960～1127年） 伶官式 通长127.7、隐间117.7、肩宽22.3、肩厚5.3、尾宽15.4、尾厚4.3厘米 1951年西南文化处移交 此琴木质面底皆桐。薄鹿角霜灰，通体髹黑漆，牛毛断加流水断。池沼皆为长圆形，有竹,/Users/yudong/Desktop/KGExplorer/backend/data/raw/text/Gq-txt-id/Gq00017.txt,attribute_linked,qimian.jpg,8,/Users/yudong/Desktop/KGExplorer/backend/data/raw/image/Gq00017,
conflict:gq-object-5c621975c4:form,gq-object-5c621975c4,凤鸣,form,形制,Yjzq,一见钟琴,Yjzq00013,凤鸣,长圆形,长圆形,13_凤沼 | 13_龙池,supported,长圆形 [supported_exact:1]," 面底皆桐,通体黑漆,牛毛断加流水断,薄鹿角灰胎;蚌徽,檀木岳、尾,冠角为后配,足池正当九徽处;池沼皆长圆形。 琴底项部纂书琴名""凤鸣"",其下阴刻行草四言诗两行:""凤皇来仪,鸣于高岗。文章瑞世,其道大光。""落款为:""景祐元年春日,清画堂主人题。""款下一方章,篆文为""王元颖印""。 《今虞琴刊》曾载此琴,时为",/Users/yudong/Desktop/KGExplorer/backend/data/raw/text/Yjzq-txt-id/Yjzq00013.txt,attribute_linked,qimian.jpg,5,/Users/yudong/Desktop/KGExplorer/backend/data/raw/image/Yjzq00013,mixed_subject_scope
conflict:gq-object-5c621975c4:duanwen,gq-object-5c621975c4,凤鸣,duanwen,断纹,Gq,古琴,Gq00017,凤鸣,牛毛断加流水断,牛毛断加流水断,17_凤鸣,supported,牛毛断加流水断 [supported_exact:1],、肩厚5.3、尾宽15.4、尾厚4.3厘米 1951年西南文化处移交 此琴木质面底皆桐。薄鹿角霜灰，通体髹黑漆，牛毛断加流水断。池沼皆为长圆形，有竹贴格，龙池23.4×2.8、凤沼11.3×2.8厘米。纳音微拱，顶平。蚌徽，檀木岳山及琴尾附件，冠角为后配；足池正当九徽处。 琴底项部题篆书琴名“凤鸣”二字，其下阴刻,/Users/yudong/Desktop/KGExplorer/backend/data/raw/text/Gq-txt-id/Gq00017.txt,attribute_linked,qimian.jpg,8,/Users/yudong/Desktop/KGExplorer/backend/data/raw/image/Gq00017,
conflict:gq-object-5c621975c4:duanwen,gq-object-5c621975c4,凤鸣,duanwen,断纹,QNQY,千年清音,QNQY059,凤鸣,牛毛断加流水断,牛毛断加流水断,59_凤鸣,supported,牛毛断加流水断 [supported_exact:1],宽 15.4 厘米，尾厚 4.3 厘米。 1951 年西南文化处移交，重庆中国三峡博物馆藏 琴面底皆桐。薄鹿角霜灰，通体髹黑漆，牛毛断加流水断。池沼皆为长圆形，有竹贴格。纳音微拱，顶平。蚌徽，檀木岳山及琴尾附件，冠角为后配；足池正当九徽处。琴底项部题篆书琴名“凤鸣”二字，其下阴刻行草五行：“凤皇来仪，鸣于高岗。文,/Users/yudong/Desktop/KGExplorer/backend/data/raw/text/QNQY-txt-id/QNQY059.txt,attribute_linked,qimian.jpg,8,/Users/yudong/Desktop/KGExplorer/backend/data/raw/image/QNQY059,
conflict:gq-object-5c621975c4:duanwen,gq-object-5c621975c4,凤鸣,duanwen,断纹,Yjzq,一见钟琴,Yjzq00013,凤鸣,流水断 | 牛毛断,流水断 | 牛毛断,13_凤鸣,supported,流水断 [supported_exact:1] | 牛毛断 [supported_exact:1],"琴名""凤鸣"",通长127.7厘米、肩宽22.3厘米、肩厚5.3厘米。 面底皆桐,通体黑漆,牛毛断加流水断,薄鹿角灰胎;蚌徽,檀木岳、尾,冠角为后配,足池正当九徽处;池沼皆长圆形。 琴底项部纂书琴名""凤鸣"",其下阴刻行草四言诗两行:""凤皇来仪,鸣于高岗。文章瑞世,其道大光。""落款为:""景祐元年春日,清画",/Users/yudong/Desktop/KGExplorer/backend/data/raw/text/Yjzq-txt-id/Yjzq00013.txt,attribute_linked,qimian.jpg,5,/Users/yudong/Desktop/KGExplorer/backend/data/raw/image/Yjzq00013,
conflict:gq-object-5c621975c4:material,gq-object-5c621975c4,凤鸣,material,材质,Gq,古琴,Gq00017,凤鸣,桐木 | 面底皆桐,桐木 | 面底皆桐,17_凤鸣 | 17_琴底 | 17_琴面,partial,桐木 [not_found:0.2] | 面底皆桐 [supported_exact:1],.7、隐间117.7、肩宽22.3、肩厚5.3、尾宽15.4、尾厚4.3厘米 1951年西南文化处移交 此琴木质面底皆桐。薄鹿角霜灰，通体髹黑漆，牛毛断加流水断。池沼皆为长圆形，有竹贴格，龙池23.4×2.8、凤沼11.3×2.8厘米。纳音微拱，顶平。蚌徽，檀木岳山及琴尾附件，冠角为后配；足池正当九徽处。 ,/Users/yudong/Desktop/KGExplorer/backend/data/raw/text/Gq-txt-id/Gq00017.txt,attribute_linked,qimian.jpg,8,/Users/yudong/Desktop/KGExplorer/backend/data/raw/image/Gq00017,mixed_subject_scope | value_not_found_in_text
conflict:gq-object-5c621975c4:material,gq-object-5c621975c4,凤鸣,material,材质,QNQY,千年清音,QNQY059,凤鸣,桐 | 桐木 | 檀木 | 蚌,桐 | 桐木 | 檀木 | 蚌,59_凤鸣 | 59_岳山 | 59_徽 | 59_琴底 | 59_琴面,partial,桐 [supported_exact:1] | 桐木 [not_found:0.2] | 檀木 [supported_exact:1] | 蚌 [supported_exact:1],米，肩宽 22.3 厘米，尾宽 15.4 厘米，尾厚 4.3 厘米。 1951 年西南文化处移交，重庆中国三峡博物馆藏 琴面底皆桐。薄鹿角霜灰，通体髹黑漆，牛毛断加流水断。池沼皆为长圆形，有竹贴格。纳音微拱，顶平。蚌徽，檀木岳山及琴尾附件，冠角为后配；足池正当九徽处。琴底项部题篆书琴名“凤鸣”二字，其,/Users/yudong/Desktop/KGExplorer/backend/data/raw/text/QNQY-txt-id/QNQY059.txt,attribute_linked,qimian.jpg,8,/Users/yudong/Desktop/KGExplorer/backend/data/raw/image/QNQY059,mixed_subject_scope | value_not_found_in_text
conflict:gq-object-5c621975c4:material,gq-object-5c621975c4,凤鸣,material,材质,Yjzq,一见钟琴,Yjzq00013,凤鸣,桐木 | 檀木 | 薄鹿角灰胎 | 蚌徽 | 黑漆,桐木 | 檀木 | 薄鹿角灰胎 | 蚌徽 | 黑漆,13_凤鸣 | 13_岳 | 13_琴尾 | 13_琴底 | 13_琴面,partial,桐木 [not_found:0.2] | 檀木 [supported_exact:1] | 薄鹿角灰胎 [supported_exact:1] | 蚌徽 [supported_exact:1] | 黑漆 [supported_exact:1],"7.7厘米、肩宽22.3厘米、肩厚5.3厘米。 面底皆桐,通体黑漆,牛毛断加流水断,薄鹿角灰胎;蚌徽,檀木岳、尾,冠角为后配,足池正当九徽处;池沼皆长圆形。 琴底项部纂书琴名""凤鸣"",其下阴刻行草四言诗两行:""凤皇来仪,鸣于高岗。文章瑞世,其道大光。""落款为:""景祐元年春日,清画堂主人题。""款下一方章,",/Users/yudong/Desktop/KGExplorer/backend/data/raw/text/Yjzq-txt-id/Yjzq00013.txt,attribute_linked,qimian.jpg,5,/Users/yudong/Desktop/KGExplorer/backend/data/raw/image/Yjzq00013,mixed_subject_scope | value_not_found_in_text
conflict:gq-object-5c621975c4:provenance,gq-object-5c621975c4,凤鸣,provenance,递藏与来源,Gq,古琴,Gq00017,凤鸣,未提及 | 袁钧,未提及 | 袁钧,17_凤鸣,structural_problem,未提及 [placeholder:0] | 袁钧 [supported_exact:1],落款为：“景祐元年春日，清画堂主人题。”款下一方章，篆文为“王元颖印”。 此琴曾经《今虞琴刊·古琴征访录》记载，时为袁钧所藏；《中国古琴珍萃》第一〇〇号亦为此琴。藏家袁钧字朗如，号十三琴斋主，四川仁寿人，民国《绵阳县志》有传。此琴音质极佳，有琴家称可位列现存古琴之顶级品中。,/Users/yudong/Desktop/KGExplorer/backend/data/raw/text/Gq-txt-id/Gq00017.txt,record_images_non_diagnostic,mingwen.jpg,8,/Users/yudong/Desktop/KGExplorer/backend/data/raw/image/Gq00017,placeholder_as_value
conflict:gq-object-5c621975c4:provenance,gq-object-5c621975c4,凤鸣,provenance,递藏与来源,QNQY,千年清音,QNQY059,凤鸣,袁钧 | 西南文化处,袁钧 | 西南文化处,59_凤鸣,supported,袁钧 [supported_exact:1] | 西南文化处 [supported_exact:1],高岗。文章瑞世，其道大光。景祐元年春日，清画堂主人题。”款下一方章，篆文为“王元颖印”。 此琴曾载于《今虞琴刊·古琴征访录》，时为袁钧所藏。袁钧字朗如，号十三琴斋主，四川仁寿人。此琴音质极佳。 （撰文、摄影：重庆中国三峡博物馆提供）,/Users/yudong/Desktop/KGExplorer/backend/data/raw/text/QNQY-txt-id/QNQY059.txt,record_images_non_diagnostic,mingwen.jpg,8,/Users/yudong/Desktop/KGExplorer/backend/data/raw/image/QNQY059,
conflict:gq-object-5c621975c4:provenance,gq-object-5c621975c4,凤鸣,provenance,递藏与来源,Yjzq,一见钟琴,Yjzq00013,凤鸣,袁钧,袁钧,13_凤鸣,supported,袁钧 [supported_exact:1],"光。""落款为:""景祐元年春日,清画堂主人题。""款下一方章,篆文为""王元颖印""。 《今虞琴刊》曾载此琴,时为袁钧所藏。袁钧字朗如,四川仁寿人,号十三琴斋主。 琴名""凤鸣"",《诗经·卷阿》""凤凰鸣矣,于彼高岗。梧桐生矣,于彼朝阳""。 ""文章瑞世""云云,为宋人常用之语。景祐为北宋仁宗赵祯年号,其元年为1034",/Users/yudong/Desktop/KGExplorer/backend/data/raw/text/Yjzq-txt-id/Yjzq00013.txt,record_images_non_diagnostic,qimian.jpg,5,/Users/yudong/Desktop/KGExplorer/backend/data/raw/image/Yjzq00013,
conflict:gq-object-5c621975c4:component_material,gq-object-5c621975c4,凤鸣,component_material,配件材质,Gq,古琴,Gq00017,凤鸣,冠角为后配 | 檀木岳山及琴尾附件,冠角为后配 | 檀木岳山及琴尾附件,17_凤鸣,supported,冠角为后配 [supported_exact:1] | 檀木岳山及琴尾附件 [supported_exact:1],皆为长圆形，有竹贴格，龙池23.4×2.8、凤沼11.3×2.8厘米。纳音微拱，顶平。蚌徽，檀木岳山及琴尾附件，冠角为后配；足池正当九徽处。 琴底项部题篆书琴名“凤鸣”二字，其下阴刻行草四言诗两行：“凤皇来仪，鸣于高岗。文章瑞世，其道大光。”落款为：“景祐元年春日，清画堂主人题。”款下一方章，篆文为“王元颖印,/Users/yudong/Desktop/KGExplorer/backend/data/raw/text/Gq-txt-id/Gq00017.txt,attribute_linked,qimian.jpg,8,/Users/yudong/Desktop/KGExplorer/backend/data/raw/image/Gq00017,
conflict:gq-object-5c621975c4:component_material,gq-object-5c621975c4,凤鸣,component_material,配件材质,QNQY,千年清音,QNQY059,凤鸣,冠角 | 檀木 | 竹 | 蚌,冠角 | 檀木 | 竹 | 蚌,59_凤鸣 | 59_琴尾,supported,冠角 [supported_exact:1] | 檀木 [supported_exact:1] | 竹 [supported_exact:1] | 蚌 [supported_exact:1],物馆藏 琴面底皆桐。薄鹿角霜灰，通体髹黑漆，牛毛断加流水断。池沼皆为长圆形，有竹贴格。纳音微拱，顶平。蚌徽，檀木岳山及琴尾附件，冠角为后配；足池正当九徽处。琴底项部题篆书琴名“凤鸣”二字，其下阴刻行草五行：“凤皇来仪，鸣于高岗。文章瑞世，其道大光。景祐元年春日，清画堂主人题。”款下一方章，篆文为“王元颖,/Users/yudong/Desktop/KGExplorer/backend/data/raw/text/QNQY-txt-id/QNQY059.txt,attribute_linked,qimian.jpg,8,/Users/yudong/Desktop/KGExplorer/backend/data/raw/image/QNQY059,mixed_subject_scope
conflict:gq-object-5c621975c4:component_material,gq-object-5c621975c4,凤鸣,component_material,配件材质,Yjzq,一见钟琴,Yjzq00013,凤鸣,冠角 | 檀木 | 足池,冠角 | 檀木 | 足池,13_凤鸣,supported,冠角 [supported_exact:1] | 檀木 [supported_exact:1] | 足池 [supported_exact:1],"肩宽22.3厘米、肩厚5.3厘米。 面底皆桐,通体黑漆,牛毛断加流水断,薄鹿角灰胎;蚌徽,檀木岳、尾,冠角为后配,足池正当九徽处;池沼皆长圆形。 琴底项部纂书琴名""凤鸣"",其下阴刻行草四言诗两行:""凤皇来仪,鸣于高岗。文章瑞世,其道大光。""落款为:""景祐元年春日,清画堂主人题。""款下一方章,篆文为""王元",/Users/yudong/Desktop/KGExplorer/backend/data/raw/text/Yjzq-txt-id/Yjzq00013.txt,attribute_linked,qimian.jpg,5,/Users/yudong/Desktop/KGExplorer/backend/data/raw/image/Yjzq00013,
conflict:gq-object-5c621975c4:inscription,gq-object-5c621975c4,凤鸣,inscription,铭文,Gq,古琴,Gq00017,凤鸣,凤鸣,凤鸣,17_铭文,supported,凤鸣 [supported_exact:1],3. “凤鸣”琴 北宋（960～1127年） 伶官式 通长127.7、隐间117.7、肩宽22.3、肩厚5.3、尾宽15.4、尾厚4.3厘米 1951年西南文化处移交 此琴木质面底皆桐。薄鹿角霜灰，通体髹黑漆，,/Users/yudong/Desktop/KGExplorer/backend/data/raw/text/Gq-txt-id/Gq00017.txt,attribute_linked,mingwen.jpg,8,/Users/yudong/Desktop/KGExplorer/backend/data/raw/image/Gq00017,
conflict:gq-object-5c621975c4:inscription,gq-object-5c621975c4,凤鸣,inscription,铭文,QNQY,千年清音,QNQY059,凤鸣,59_铭文,59_铭文,59_琴底,structural_problem,59_铭文 [entity_reference:0],北宋伶官式“凤鸣”琴 琴长 127.7 厘米，隐间 117.7 厘米，肩宽 22.3 厘米，尾宽 15.4 厘米，尾厚 4.3 厘米。 1951 年西南文化处移交，重庆中国三峡博物馆藏 琴面底皆桐。薄鹿角霜灰，通体髹黑漆，牛毛断加流水断。池沼皆为长圆形，有竹贴格。纳音微拱，顶平。蚌徽，檀木岳山及琴尾附件，冠角为后配；足池正当九徽处。琴底项部题篆书琴名“凤鸣”,/Users/yudong/Desktop/KGExplorer/backend/data/raw/text/QNQY-txt-id/QNQY059.txt,attribute_linked,mingwen.jpg,8,/Users/yudong/Desktop/KGExplorer/backend/data/raw/image/QNQY059,internal_entity_reference
conflict:gq-object-ac90f78803:dating_assessment,gq-object-ac90f78803,彩凤鸣岐,dating_assessment,断代判断,CQL,藏琴录,CQL009,彩凤鸣岐,唐代 | 大唐开元二年(714年),唐代 | 大唐开元二年,9_彩凤鸣岐 | 9_雷威,partial,唐代 [supported_exact:1] | 大唐开元二年(714年) [partial:0.6],禅寮花落画愔愔，猿啸龙吟万籁沈，定府旧藏真第一，曲终人远晚烟青。”落款：“辛酉（1921）上巳为时伯先生题，杨懿年时同居法源寺。” 雷威，唐代四川斫琴名家雷氏中最负盛名的斫琴师。后人赞其“选材良，用意深。五百年，有正音”。 此琴原为清末定慎郡王溥煦（1828—1907）的收藏。1900年，八国联军侵华战,/Users/yudong/Desktop/KGExplorer/backend/data/raw/text/CQL-txt-id/CQL009.txt,record_images_non_diagnostic,mingwen.jpg,14,/Users/yudong/Desktop/KGExplorer/backend/data/raw/image/CQL009,mixed_subject_scope
conflict:gq-object-ac90f78803:dating_assessment,gq-object-ac90f78803,彩凤鸣岐,dating_assessment,断代判断,QNQY,千年清音,QNQY029,彩凤鸣岐,大唐开元二年(714年),大唐开元二年,29_彩凤鸣岐,not_found,大唐开元二年(714年) [partial:0.6],唐落霞式“彩凤鸣岐”七弦琴 琴长 124.8 厘米，隐间 116.3 厘米，额宽 16.3 厘米，肩宽 18.8 厘米，尾宽 12.5 厘米，厚 5.4 厘米 1953 年徐圣禅后人捐赠，浙江省博物馆藏 琴体浑厚，背面微凸，鹿角灰胎，从琴面漆灰剥落处看，漆灰较厚。琴背以栗壳色原漆为主，间朱漆，琴面与侧墙后加朱漆。琴背冰裂纹断兼小流水断，琴面断纹隐约可见，在三,/Users/yudong/Desktop/KGExplorer/backend/data/raw/text/QNQY-txt-id/QNQY029.txt,record_images_non_diagnostic,mingwen.jpg,8,/Users/yudong/Desktop/KGExplorer/backend/data/raw/image/QNQY029,
conflict:gq-object-ac90f78803:duanwen,gq-object-ac90f78803,彩凤鸣岐,duanwen,断纹,CQL,藏琴录,CQL009,彩凤鸣岐,冰裂断兼小流水断 | 梅花断,冰裂断兼小流水断 | 梅花断,9_彩凤鸣岐 | 9_琴面,supported,冰裂断兼小流水断 [supported_exact:1] | 梅花断 [supported_exact:1],唐落霞式『彩凤鸣岐』七弦琴 琴体浑厚，背面微凸，鹿角灰胎。琴背以栗壳色原漆为主，间朱漆，有冰裂断兼小流水断。琴面与侧墙后加朱漆，三、四、五徽部位隐见类似梅花断的小圆圈。长方形龙池、凤沼，池沼内侧以厚1.5厘米的木片加厚。纳音宽而不高，中间部分微凹。龙池上方刻琴名“彩凤鸣岐”。龙池内有“大唐开元二年雷威制,/Users/yudong/Desktop/KGExplorer/backend/data/raw/text/CQL-txt-id/CQL009.txt,attribute_linked,qimian.jpg,14,/Users/yudong/Desktop/KGExplorer/backend/data/raw/image/CQL009,mixed_subject_scope
conflict:gq-object-ac90f78803:duanwen,gq-object-ac90f78803,彩凤鸣岐,duanwen,断纹,QNQY,千年清音,QNQY029,彩凤鸣岐,冰裂纹断兼小流水断 | 琴面断纹隐约可见 | 类似梅花断的小圆圈,冰裂纹断兼小流水断 | 琴面断纹隐约可见 | 类似梅花断的小圆圈,29_彩凤鸣岐,supported,冰裂纹断兼小流水断 [supported_exact:1] | 琴面断纹隐约可见 [supported_exact:1] | 类似梅花断的小圆圈 [supported_exact:1],，浙江省博物馆藏 琴体浑厚，背面微凸，鹿角灰胎，从琴面漆灰剥落处看，漆灰较厚。琴背以栗壳色原漆为主，间朱漆，琴面与侧墙后加朱漆。琴背冰裂纹断兼小流水断，琴面断纹隐约可见，在三、四、五徽部位，隐见类似梅花断的小圆圈。长方形龙池凤沼，池沼内侧以木加厚，其厚1.5厘米。纳音宽而不高，中间部分微凹。龙池上方有“彩凤鸣岐”琴名,/Users/yudong/Desktop/KGExplorer/backend/data/raw/text/QNQY-txt-id/QNQY029.txt,attribute_linked,qimian.jpg,8,/Users/yudong/Desktop/KGExplorer/backend/data/raw/image/QNQY029,
conflict:gq-object-ac90f78803:material,gq-object-ac90f78803,彩凤鸣岐,material,材质,CQL,藏琴录,CQL009,彩凤鸣岐,鹿角灰胎,鹿角灰胎,9_彩凤鸣岐,supported,鹿角灰胎 [supported_exact:1],唐落霞式『彩凤鸣岐』七弦琴 琴体浑厚，背面微凸，鹿角灰胎。琴背以栗壳色原漆为主，间朱漆，有冰裂断兼小流水断。琴面与侧墙后加朱漆，三、四、五徽部位隐见类似梅花断的小圆圈。长方形龙池、凤沼，池沼内侧以厚1.5厘米的木片加厚。纳音宽而不高，中间部分微凹。龙池上,/Users/yudong/Desktop/KGExplorer/backend/data/raw/text/CQL-txt-id/CQL009.txt,attribute_linked,qimian.jpg,14,/Users/yudong/Desktop/KGExplorer/backend/data/raw/image/CQL009,
conflict:gq-object-ac90f78803:material,gq-object-ac90f78803,彩凤鸣岐,material,材质,QNQY,千年清音,QNQY029,彩凤鸣岐,木 | 漆灰 | 鹿角灰胎,木 | 漆灰 | 鹿角灰胎,29_凤沼 | 29_彩凤鸣岐 | 29_琴面,supported,木 [supported_exact:1] | 漆灰 [supported_exact:1] | 鹿角灰胎 [supported_exact:1],琴面与侧墙后加朱漆。琴背冰裂纹断兼小流水断，琴面断纹隐约可见，在三、四、五徽部位，隐见类似梅花断的小圆圈。长方形龙池凤沼，池沼内侧以木加厚，其厚1.5厘米。纳音宽而不高，中间部分微凹。龙池上方有“彩凤鸣岐”琴名，另有杨宗稷的三段鉴藏赞美铭文围绕龙池四周。 龙池腹腔内有“大唐开元二年雷威制”题刻。雷家世,/Users/yudong/Desktop/KGExplorer/backend/data/raw/text/QNQY-txt-id/QNQY029.txt,attribute_linked,qimian.jpg,8,/Users/yudong/Desktop/KGExplorer/backend/data/raw/image/QNQY029,mixed_subject_scope
conflict:gq-object-ac90f78803:lacquer,gq-object-ac90f78803,彩凤鸣岐,lacquer,漆色,CQL,藏琴录,CQL009,彩凤鸣岐,朱漆 | 栗壳色原漆间朱漆,朱漆 | 栗壳色漆原漆间朱漆,9_彩凤鸣岐 | 9_琴面,partial,朱漆 [supported_exact:1] | 栗壳色原漆间朱漆 [partial:0.75],唐落霞式『彩凤鸣岐』七弦琴 琴体浑厚，背面微凸，鹿角灰胎。琴背以栗壳色原漆为主，间朱漆，有冰裂断兼小流水断。琴面与侧墙后加朱漆，三、四、五徽部位隐见类似梅花断的小圆圈。长方形龙池、凤沼，池沼内侧以厚1.5厘米的木片加厚。纳音宽而不高，中间部分微凹。龙池上方刻琴名“彩凤鸣岐”。龙池内有,/Users/yudong/Desktop/KGExplorer/backend/data/raw/text/CQL-txt-id/CQL009.txt,attribute_linked,qimian.jpg,14,/Users/yudong/Desktop/KGExplorer/backend/data/raw/image/CQL009,mixed_subject_scope
conflict:gq-object-ac90f78803:lacquer,gq-object-ac90f78803,彩凤鸣岐,lacquer,漆色,QNQY,千年清音,QNQY029,彩凤鸣岐,栗壳色原漆间朱漆 | 琴面与侧墙后加朱漆,栗壳色漆原漆间朱漆 | 琴面与侧墙后加朱漆,29_彩凤鸣岐 | 29_琴底,partial,栗壳色原漆间朱漆 [partial:0.75] | 琴面与侧墙后加朱漆 [supported_exact:1],953 年徐圣禅后人捐赠，浙江省博物馆藏 琴体浑厚，背面微凸，鹿角灰胎，从琴面漆灰剥落处看，漆灰较厚。琴背以栗壳色原漆为主，间朱漆，琴面与侧墙后加朱漆。琴背冰裂纹断兼小流水断，琴面断纹隐约可见，在三、四、五徽部位，隐见类似梅花断的小圆圈。长方形龙池凤沼，池沼内侧以木加厚，其厚1.5厘米。纳音宽而不高，中间部分微凹。龙,/Users/yudong/Desktop/KGExplorer/backend/data/raw/text/QNQY-txt-id/QNQY029.txt,attribute_linked,qimian.jpg,8,/Users/yudong/Desktop/KGExplorer/backend/data/raw/image/QNQY029,mixed_subject_scope
conflict:gq-object-ac90f78803:current_holder,gq-object-ac90f78803,彩凤鸣岐,current_holder,现藏单位,CQL,藏琴录,CQL009,彩凤鸣岐,9_时百所藏,9_时百所藏,9_彩凤鸣岐,structural_problem,9_时百所藏 [entity_reference:0],唐落霞式『彩凤鸣岐』七弦琴 琴体浑厚，背面微凸，鹿角灰胎。琴背以栗壳色原漆为主，间朱漆，有冰裂断兼小流水断。琴面与侧墙后加朱漆，三、四、五徽部位隐见类似梅花断的小圆圈。长方形龙池、凤沼，池沼内侧以厚1.5厘米的木片加厚。纳音宽而不高，中间部分微凹。龙池上方刻琴名“彩凤鸣岐”。龙池内有“大唐开元二年雷威制”题刻。 龙池两侧行书：“唐琴第一推雷公，蜀中九雷独称雄,/Users/yudong/Desktop/KGExplorer/backend/data/raw/text/CQL-txt-id/CQL009.txt,record_images_non_diagnostic,mingwen.jpg,14,/Users/yudong/Desktop/KGExplorer/backend/data/raw/image/CQL009,internal_entity_reference
conflict:gq-object-ac90f78803:current_holder,gq-object-ac90f78803,彩凤鸣岐,current_holder,现藏单位,QNQY,千年清音,QNQY029,彩凤鸣岐,浙江省博物馆,浙江省博物馆,29_彩凤鸣岐,supported,浙江省博物馆 [supported_exact:1],116.3 厘米，额宽 16.3 厘米，肩宽 18.8 厘米，尾宽 12.5 厘米，厚 5.4 厘米 1953 年徐圣禅后人捐赠，浙江省博物馆藏 琴体浑厚，背面微凸，鹿角灰胎，从琴面漆灰剥落处看，漆灰较厚。琴背以栗壳色原漆为主，间朱漆，琴面与侧墙后加朱漆。琴背冰裂纹断兼小流水断，琴面断纹隐约可见，在三、四、五徽,/Users/yudong/Desktop/KGExplorer/backend/data/raw/text/QNQY-txt-id/QNQY029.txt,record_images_non_diagnostic,mingwen.jpg,8,/Users/yudong/Desktop/KGExplorer/backend/data/raw/image/QNQY029,
conflict:gq-object-ac90f78803:provenance,gq-object-ac90f78803,彩凤鸣岐,provenance,递藏与来源,CQL,藏琴录,CQL009,彩凤鸣岐,9_定慎郡王溥煦 | 9_杨宗稷 | 徐桴后人,9_定慎郡王溥煦 | 9_杨宗稷 | 徐桴后人,9_彩凤鸣岐,structural_problem,9_定慎郡王溥煦 [entity_reference:0] | 9_杨宗稷 [entity_reference:0] | 徐桴后人 [supported_exact:1],风雨随飞龙。”落款“开元后廿甲寅荷花生日九疑山人杨宗稷自题”，下钤白文篆书长方印“时百所藏”。 1953 年徐桴后人捐赠 琴长 124.8 厘米，隐间 116.3 厘米，额宽 16.3 厘米，肩宽 18.8 厘米，尾宽 12.5 厘米，厚 5.4 厘米。 龙池下方右侧题刻：“庚申（1920）二月，与朗贝勒公,/Users/yudong/Desktop/KGExplorer/backend/data/raw/text/CQL-txt-id/CQL009.txt,record_images_non_diagnostic,mingwen.jpg,14,/Users/yudong/Desktop/KGExplorer/backend/data/raw/image/CQL009,internal_entity_reference
conflict:gq-object-ac90f78803:provenance,gq-object-ac90f78803,彩凤鸣岐,provenance,递藏与来源,QNQY,千年清音,QNQY029,彩凤鸣岐,定慎郡王旧藏百余琴 | 徐圣禅后人 | 杨宗稷,定慎郡王旧藏百余琴 | 徐圣禅后人 | 杨宗稷,29_彩凤鸣岐,supported,定慎郡王旧藏百余琴 [supported_exact:1] | 徐圣禅后人 [supported_exact:1] | 杨宗稷 [supported_exact:1],代造琴，以雷威最为著名，传说他的技艺受神人指点，无人能及。彩凤鸣岐琴正是雷威的杰作。 “彩凤鸣岐”琴系出名家，历今千年，流传有序。原为“定慎郡王旧藏百余琴，庚子散失，此为第一”，后为民国琴学宗师杨宗稷收藏。此琴造型古朴、凝重，有钟磬金石之声，“一二弦如洪钟，六七弦如金磬，四弦五徽以上如羯鼓”，并著录于《琴学丛书》中，,/Users/yudong/Desktop/KGExplorer/backend/data/raw/text/QNQY-txt-id/QNQY029.txt,record_images_non_diagnostic,mingwen.jpg,8,/Users/yudong/Desktop/KGExplorer/backend/data/raw/image/QNQY029,
conflict:gq-object-ac90f78803:inscriber,gq-object-ac90f78803,彩凤鸣岐,inscriber,题刻者,CQL,藏琴录,CQL009,彩凤鸣岐,9_杨宗稷,9_杨宗稷,9_题刻,structural_problem,9_杨宗稷 [entity_reference:0],唐落霞式『彩凤鸣岐』七弦琴 琴体浑厚，背面微凸，鹿角灰胎。琴背以栗壳色原漆为主，间朱漆，有冰裂断兼小流水断。琴面与侧墙后加朱漆，三、四、五徽部位隐见类似梅花断的小圆圈。长方形龙池、凤沼，池沼内侧以厚1.5厘米的木片加厚。纳音宽而不高，中间部分微凹。龙池上方刻琴名“彩凤鸣岐”。龙池内有“大唐开元二年雷威制”题刻。 龙池两侧行书：“唐琴第一推雷公，蜀中九雷独称雄,/Users/yudong/Desktop/KGExplorer/backend/data/raw/text/CQL-txt-id/CQL009.txt,attribute_linked,mingwen.jpg,14,/Users/yudong/Desktop/KGExplorer/backend/data/raw/image/CQL009,internal_entity_reference
conflict:gq-object-ac90f78803:inscriber,gq-object-ac90f78803,彩凤鸣岐,inscriber,题刻者,QNQY,千年清音,QNQY029,彩凤鸣岐,雷威,雷威,29_铭文,supported,雷威 [supported_exact:1],5厘米。纳音宽而不高，中间部分微凹。龙池上方有“彩凤鸣岐”琴名，另有杨宗稷的三段鉴藏赞美铭文围绕龙池四周。 龙池腹腔内有“大唐开元二年雷威制”题刻。雷家世代造琴，以雷威最为著名，传说他的技艺受神人指点，无人能及。彩凤鸣岐琴正是雷威的杰作。 “彩凤鸣岐”琴系出名家，历今千年，流传有序。原为“定慎郡王旧藏百,/Users/yudong/Desktop/KGExplorer/backend/data/raw/text/QNQY-txt-id/QNQY029.txt,attribute_linked,mingwen.jpg,8,/Users/yudong/Desktop/KGExplorer/backend/data/raw/image/QNQY029,
conflict:gq-object-637f5152f3:dating,gq-object-637f5152f3,无名琴 · Gq00041 / Yjzq00040,dating,年代,Gq,古琴,Gq00041,无名琴 · Gq00041,明代(1368~1644年),明代,41_无名琴,supported,明代(1368~1644年) [supported_normalized:0.95],16. 张敬修制琴 明 (1368～1644年) 仲尼式 通长122.3、隐间114.5、肩宽19.8、肩厚5.8、尾宽12.9、尾厚5厘米 20世纪60年代重庆琴家张孟虚捐赠 此琴无名。木质面底皆桐。鹿角霜灰，栗壳色漆，面呈小蛇腹断，底有零星蛇腹断。长方形池沼，纳音微拱；龙池21.4×2.4、凤沼11.1×2.5厘米。蚌徽，五个象牙轸，上带绒剥；檀木雁足，,/Users/yudong/Desktop/KGExplorer/backend/data/raw/text/Gq-txt-id/Gq00041.txt,record_images_non_diagnostic,mingwen.jpg,10,/Users/yudong/Desktop/KGExplorer/backend/data/raw/image/Gq00041,
conflict:gq-object-637f5152f3:dating,gq-object-637f5152f3,无名琴 · Gq00041 / Yjzq00040,dating,年代,Yjzq,一见钟琴,Yjzq00040,无名琴 · Yjzq00040,同治癸酉(1873年) | 崇祯癸未(1643年),同治癸酉 | 崇祯癸未,40_无名琴,partial,同治癸酉(1873年) [not_found:0.444] | 崇祯癸未(1643年) [supported_exact:1],"七年(1589年)进士, 天启五年(1625年)被魏忠贤封令致仕, 寻卒。后人据《明史》多认为吴仁度卒年应在1625年后不久。而据此琴刻款, 崇祯癸未(1643年)他仍在世。 龙池纳音中间是忠州秦瓦生于清同治癸酉所刻题记。秦瓦生名家棱, 字栖卿, 号芃生, 忠州(今重庆忠县)人, 晚清藏书家, 是明末著名女将军秦良玉族中",/Users/yudong/Desktop/KGExplorer/backend/data/raw/text/Yjzq-txt-id/Yjzq00040.txt,record_images_non_diagnostic,qimian.jpg,4,/Users/yudong/Desktop/KGExplorer/backend/data/raw/image/Yjzq00040,value_not_found_in_text
conflict:gq-object-637f5152f3:lacquer,gq-object-637f5152f3,无名琴 · Gq00041 / Yjzq00040,lacquer,漆色,Gq,古琴,Gq00041,无名琴 · Gq00041,栗壳色漆,栗壳色漆,41_无名琴,supported,栗壳色漆 [supported_exact:1],.8、肩厚5.8、尾宽12.9、尾厚5厘米 20世纪60年代重庆琴家张孟虚捐赠 此琴无名。木质面底皆桐。鹿角霜灰，栗壳色漆，面呈小蛇腹断，底有零星蛇腹断。长方形池沼，纳音微拱；龙池21.4×2.4、凤沼11.1×2.5厘米。蚌徽，五个象牙轸，上带绒剥；檀木雁足，足底雕五瓣梅花形，为后配。 龙池内纳音两侧刻“,/Users/yudong/Desktop/KGExplorer/backend/data/raw/text/Gq-txt-id/Gq00041.txt,attribute_linked,qimian.jpg,10,/Users/yudong/Desktop/KGExplorer/backend/data/raw/image/Gq00041,
conflict:gq-object-637f5152f3:lacquer,gq-object-637f5152f3,无名琴 · Gq00041 / Yjzq00040,lacquer,漆色,Yjzq,一见钟琴,Yjzq00040,无名琴 · Yjzq00040,栗壳色,栗壳色漆,40_无名琴,supported,栗壳色 [supported_exact:1],"此琴无名, 通长 122.3 厘米、肩宽 19.8 厘米、肩厚 5.8 厘米。 面底皆桐, 栗壳色漆, 面呈小蛇腹断, 底有零星蛇腹断, 距角胎; 蚌徽; 檀木雁足, 足底刻五角梅花形, 为肩配; 车方形池沼。 龙池内纳音右阴刻""崇祯癸未张敬修为""; 纳音左接刻""君重词兄制""。龙",/Users/yudong/Desktop/KGExplorer/backend/data/raw/text/Yjzq-txt-id/Yjzq00040.txt,attribute_linked,qimian.jpg,4,/Users/yudong/Desktop/KGExplorer/backend/data/raw/image/Yjzq00040,
conflict:gq-object-637f5152f3:ash,gq-object-637f5152f3,无名琴 · Gq00041 / Yjzq00040,ash,灰胎,Gq,古琴,Gq00041,无名琴 · Gq00041,鹿角霜灰,鹿角霜灰,41_无名琴,supported,鹿角霜灰 [supported_exact:1],、肩宽19.8、肩厚5.8、尾宽12.9、尾厚5厘米 20世纪60年代重庆琴家张孟虚捐赠 此琴无名。木质面底皆桐。鹿角霜灰，栗壳色漆，面呈小蛇腹断，底有零星蛇腹断。长方形池沼，纳音微拱；龙池21.4×2.4、凤沼11.1×2.5厘米。蚌徽，五个象牙轸，上带绒剥；檀木雁足，足底雕五瓣梅花形，为后配。 龙池内纳,/Users/yudong/Desktop/KGExplorer/backend/data/raw/text/Gq-txt-id/Gq00041.txt,attribute_linked,qimian.jpg,10,/Users/yudong/Desktop/KGExplorer/backend/data/raw/image/Gq00041,
conflict:gq-object-637f5152f3:ash,gq-object-637f5152f3,无名琴 · Gq00041 / Yjzq00040,ash,灰胎,Yjzq,一见钟琴,Yjzq00040,无名琴 · Yjzq00040,距角胎,距角胎,40_无名琴,supported,距角胎 [supported_exact:1],"长 122.3 厘米、肩宽 19.8 厘米、肩厚 5.8 厘米。 面底皆桐, 栗壳色漆, 面呈小蛇腹断, 底有零星蛇腹断, 距角胎; 蚌徽; 檀木雁足, 足底刻五角梅花形, 为肩配; 车方形池沼。 龙池内纳音右阴刻""崇祯癸未张敬修为""; 纳音左接刻""君重词兄制""。龙池纳音中从右至左刻三行字: ""同治癸酉秋",/Users/yudong/Desktop/KGExplorer/backend/data/raw/text/Yjzq-txt-id/Yjzq00040.txt,attribute_linked,qimian.jpg,4,/Users/yudong/Desktop/KGExplorer/backend/data/raw/image/Yjzq00040,
conflict:gq-object-637f5152f3:provenance,gq-object-637f5152f3,无名琴 · Gq00041 / Yjzq00040,provenance,递藏与来源,Gq,古琴,Gq00041,无名琴 · Gq00041,张孟虚 | 秦芃生,张孟虚 | 秦芃生,41_无名琴,supported,张孟虚 [supported_exact:1] | 秦芃生 [supported_exact:1],式 通长122.3、隐间114.5、肩宽19.8、肩厚5.8、尾宽12.9、尾厚5厘米 20世纪60年代重庆琴家张孟虚捐赠 此琴无名。木质面底皆桐。鹿角霜灰，栗壳色漆，面呈小蛇腹断，底有零星蛇腹断。长方形池沼，纳音微拱；龙池21.4×2.4、凤沼11.1×2.5厘米。蚌徽，五个象牙轸，上带绒剥；檀木雁足，,/Users/yudong/Desktop/KGExplorer/backend/data/raw/text/Gq-txt-id/Gq00041.txt,record_images_non_diagnostic,mingwen.jpg,10,/Users/yudong/Desktop/KGExplorer/backend/data/raw/image/Gq00041,
conflict:gq-object-637f5152f3:provenance,gq-object-637f5152f3,无名琴 · Gq00041 / Yjzq00040,provenance,递藏与来源,Yjzq,一见钟琴,Yjzq00040,无名琴 · Yjzq00040,张孟虚 | 秦氏,张孟虚 | 秦氏,40_无名琴,supported,张孟虚 [supported_exact:1] | 秦氏 [supported_exact:1],"忠州(今重庆忠县)人, 晚清藏书家, 是明末著名女将军秦良玉族中后人。据此铭, 该琴曾为秦氏所藏, 重修者是文水(今山西文水)人罗某某, 其名漫患难识。 此琴曾为张孟虚所藏。张孟虚是重庆著名琴家, 其在市中区放牛巷的寓所""槐庵"", 是民国琴人们的雅集之地, 20世纪50年代查阜西、吴景略等人也曾在此与重庆",/Users/yudong/Desktop/KGExplorer/backend/data/raw/text/Yjzq-txt-id/Yjzq00040.txt,record_images_non_diagnostic,qimian.jpg,4,/Users/yudong/Desktop/KGExplorer/backend/data/raw/image/Yjzq00040,
conflict:gq-object-637f5152f3:component_material,gq-object-637f5152f3,无名琴 · Gq00041 / Yjzq00040,component_material,配件材质,Gq,古琴,Gq00041,无名琴 · Gq00041,檀木雁足 | 蚌徽 | 象牙轸,檀木雁足 | 蚌徽 | 象牙轸,41_无名琴,supported,檀木雁足 [supported_exact:1] | 蚌徽 [supported_exact:1] | 象牙轸 [supported_exact:1],底有零星蛇腹断。长方形池沼，纳音微拱；龙池21.4×2.4、凤沼11.1×2.5厘米。蚌徽，五个象牙轸，上带绒剥；檀木雁足，足底雕五瓣梅花形，为后配。 龙池内纳音两侧刻“崇祯癸未张敬修为君重词兄制”；龙池纳音上刻款三行：“同治癸酉秋，友人以旧琴见赠。观其纹，洵虵蚓断，心知其为……崇祯癸未字，识历世殆二百余年,/Users/yudong/Desktop/KGExplorer/backend/data/raw/text/Gq-txt-id/Gq00041.txt,attribute_linked,qimian.jpg,10,/Users/yudong/Desktop/KGExplorer/backend/data/raw/image/Gq00041,
conflict:gq-object-637f5152f3:component_material,gq-object-637f5152f3,无名琴 · Gq00041 / Yjzq00040,component_material,配件材质,Yjzq,一见钟琴,Yjzq00040,无名琴 · Yjzq00040,檀木,檀木,40_无名琴,supported,檀木 [supported_exact:1]," 厘米、肩宽 19.8 厘米、肩厚 5.8 厘米。 面底皆桐, 栗壳色漆, 面呈小蛇腹断, 底有零星蛇腹断, 距角胎; 蚌徽; 檀木雁足, 足底刻五角梅花形, 为肩配; 车方形池沼。 龙池内纳音右阴刻""崇祯癸未张敬修为""; 纳音左接刻""君重词兄制""。龙池纳音中从右至左刻三行字: ""同治癸酉秋, 友人以旧",/Users/yudong/Desktop/KGExplorer/backend/data/raw/text/Yjzq-txt-id/Yjzq00040.txt,attribute_linked,qimian.jpg,4,/Users/yudong/Desktop/KGExplorer/backend/data/raw/image/Yjzq00040,
conflict:gq-object-637f5152f3:inscriber,gq-object-637f5152f3,无名琴 · Gq00041 / Yjzq00040,inscriber,题刻者,Gq,古琴,Gq00041,无名琴 · Gq00041,张敬修,张敬修,41_龙池,supported,张敬修 [supported_exact:1],16. 张敬修制琴 明 (1368～1644年) 仲尼式 通长122.3、隐间114.5、肩宽19.8、肩厚5.8、尾宽12.9、尾厚5厘米 20世纪60年代重庆琴家张孟虚捐赠 此琴无名。木质面底皆桐。鹿角霜灰，,/Users/yudong/Desktop/KGExplorer/backend/data/raw/text/Gq-txt-id/Gq00041.txt,attribute_linked,mingwen.jpg,10,/Users/yudong/Desktop/KGExplorer/backend/data/raw/image/Gq00041,
conflict:gq-object-637f5152f3:inscriber,gq-object-637f5152f3,无名琴 · Gq00041 / Yjzq00040,inscriber,题刻者,Yjzq,一见钟琴,Yjzq00040,无名琴 · Yjzq00040,张敬修 | 秦瓦生,张敬修 | 秦瓦生,40_龙池,supported,张敬修 [supported_exact:1] | 秦瓦生 [supported_exact:1]," 面呈小蛇腹断, 底有零星蛇腹断, 距角胎; 蚌徽; 檀木雁足, 足底刻五角梅花形, 为肩配; 车方形池沼。 龙池内纳音右阴刻""崇祯癸未张敬修为""; 纳音左接刻""君重词兄制""。龙池纳音中从右至左刻三行字: ""同治癸酉秋, 友人以旧琴见赠。观其纹, 沟她断断, 心知其为……崇祯癸未字, 识历世殆二百余年矣,",/Users/yudong/Desktop/KGExplorer/backend/data/raw/text/Yjzq-txt-id/Yjzq00040.txt,record_images_only,qimian.jpg,4,/Users/yudong/Desktop/KGExplorer/backend/data/raw/image/Yjzq00040,
conflict:gq-object-007f5a5880:duanwen,gq-object-007f5a5880,无名琴 · Gq00052 / Yjzq00052,duanwen,断纹,Gq,古琴,Gq00052,无名琴 · Gq00052,重髹黑漆,重髹黑漆,52_琴底 | 52_琴面,supported,重髹黑漆 [supported_exact:1],15.5、肩宽19.2、肩厚5.1、尾宽12.9、尾厚4.35厘米 此琴无名。木质面桐底梓。 鹿角霜灰，通体重髹黑漆。池沼皆为长方形，龙池22.8×2.2、凤沼10.8×2.2厘米，纳音微拱。蚌徽，檀木岳山、雁足及琴尾附件为后配。无款识。 此琴系1954年重庆市文化局拨交，交来时琴尾贴有一张小纸条，上书“捐,/Users/yudong/Desktop/KGExplorer/backend/data/raw/text/Gq-txt-id/Gq00052.txt,attribute_linked,qimian.jpg,4,/Users/yudong/Desktop/KGExplorer/backend/data/raw/image/Gq00052,mixed_subject_scope
conflict:gq-object-007f5a5880:duanwen,gq-object-007f5a5880,无名琴 · Gq00052 / Yjzq00052,duanwen,断纹,Yjzq,一见钟琴,Yjzq00052,无名琴 · Yjzq00052,无断纹,无断纹,52_无名琴,supported,无断纹 [supported_exact:1],此琴无名，通长 124 厘米、肩宽 19.2 厘米、肩厚 5.1 厘米。 面桐底梓，后髹黑漆，鹿角灰胎，表面无断纹；蚌徽，后配檀木岳尾足，长方池沼；无文字题识。 此琴系 1954 年重庆市文化局拨交，交来时琴尾贴有一张小纸条，上书“捐赠人王仁辅”六字。此王仁辅不知是否为近代书画篆刻家浙江鄞县人王仁辅,/Users/yudong/Desktop/KGExplorer/backend/data/raw/text/Yjzq-txt-id/Yjzq00052.txt,attribute_linked,qimian.jpg,5,/Users/yudong/Desktop/KGExplorer/backend/data/raw/image/Yjzq00052,
conflict:gq-object-007f5a5880:material,gq-object-007f5a5880,无名琴 · Gq00052 / Yjzq00052,material,材质,Gq,古琴,Gq00052,无名琴 · Gq00052,桐木 | 梓木 | 面桐底梓,桐木 | 梓木 | 面桐底梓,52_无名琴 | 52_琴底 | 52_琴面,partial,桐木 [not_found:0.2] | 梓木 [not_found:0.2] | 面桐底梓 [supported_exact:1],尼式 通长124、隐间115.5、肩宽19.2、肩厚5.1、尾宽12.9、尾厚4.35厘米 此琴无名。木质面桐底梓。 鹿角霜灰，通体重髹黑漆。池沼皆为长方形，龙池22.8×2.2、凤沼10.8×2.2厘米，纳音微拱。蚌徽，檀木岳山、雁足及琴尾附件为后配。无款识。 此琴系1954年重庆市文化局拨交，交来时琴尾,/Users/yudong/Desktop/KGExplorer/backend/data/raw/text/Gq-txt-id/Gq00052.txt,attribute_linked,qimian.jpg,4,/Users/yudong/Desktop/KGExplorer/backend/data/raw/image/Gq00052,mixed_subject_scope | value_not_found_in_text
conflict:gq-object-007f5a5880:material,gq-object-007f5a5880,无名琴 · Gq00052 / Yjzq00052,material,材质,Yjzq,一见钟琴,Yjzq00052,无名琴 · Yjzq00052,面桐底梓,面桐底梓,52_无名琴,supported,面桐底梓 [supported_exact:1],此琴无名，通长 124 厘米、肩宽 19.2 厘米、肩厚 5.1 厘米。 面桐底梓，后髹黑漆，鹿角灰胎，表面无断纹；蚌徽，后配檀木岳尾足，长方池沼；无文字题识。 此琴系 1954 年重庆市文化局拨交，交来时琴尾贴有一张小纸条，上书“捐赠人王仁辅”六字。此王仁辅不知是否,/Users/yudong/Desktop/KGExplorer/backend/data/raw/text/Yjzq-txt-id/Yjzq00052.txt,attribute_linked,qimian.jpg,5,/Users/yudong/Desktop/KGExplorer/backend/data/raw/image/Yjzq00052,
conflict:gq-object-007f5a5880:ash,gq-object-007f5a5880,无名琴 · Gq00052 / Yjzq00052,ash,灰胎,Gq,古琴,Gq00052,无名琴 · Gq00052,鹿角霜灰,鹿角霜灰,52_无名琴 | 52_琴面,supported,鹿角霜灰 [supported_exact:1],124、隐间115.5、肩宽19.2、肩厚5.1、尾宽12.9、尾厚4.35厘米 此琴无名。木质面桐底梓。 鹿角霜灰，通体重髹黑漆。池沼皆为长方形，龙池22.8×2.2、凤沼10.8×2.2厘米，纳音微拱。蚌徽，檀木岳山、雁足及琴尾附件为后配。无款识。 此琴系1954年重庆市文化局拨交，交来时琴尾贴有一张小,/Users/yudong/Desktop/KGExplorer/backend/data/raw/text/Gq-txt-id/Gq00052.txt,attribute_linked,qimian.jpg,4,/Users/yudong/Desktop/KGExplorer/backend/data/raw/image/Gq00052,mixed_subject_scope
conflict:gq-object-007f5a5880:ash,gq-object-007f5a5880,无名琴 · Gq00052 / Yjzq00052,ash,灰胎,Yjzq,一见钟琴,Yjzq00052,无名琴 · Yjzq00052,鹿角灰胎,鹿角灰胎,52_无名琴,supported,鹿角灰胎 [supported_exact:1],此琴无名，通长 124 厘米、肩宽 19.2 厘米、肩厚 5.1 厘米。 面桐底梓，后髹黑漆，鹿角灰胎，表面无断纹；蚌徽，后配檀木岳尾足，长方池沼；无文字题识。 此琴系 1954 年重庆市文化局拨交，交来时琴尾贴有一张小纸条，上书“捐赠人王仁辅”六字。此王仁辅不知是否为近代书画篆刻家浙江,/Users/yudong/Desktop/KGExplorer/backend/data/raw/text/Yjzq-txt-id/Yjzq00052.txt,attribute_linked,qimian.jpg,5,/Users/yudong/Desktop/KGExplorer/backend/data/raw/image/Yjzq00052,
conflict:gq-object-007f5a5880:component_material,gq-object-007f5a5880,无名琴 · Gq00052 / Yjzq00052,component_material,配件材质,Gq,古琴,Gq00052,无名琴 · Gq00052,檀木,檀木,52_岳山 | 52_无名琴 | 52_琴尾附件 | 52_雁足,supported,檀木 [supported_exact:1],。 鹿角霜灰，通体重髹黑漆。池沼皆为长方形，龙池22.8×2.2、凤沼10.8×2.2厘米，纳音微拱。蚌徽，檀木岳山、雁足及琴尾附件为后配。无款识。 此琴系1954年重庆市文化局拨交，交来时琴尾贴有一张小纸条，上书“捐赠人王仁辅”六字。此王仁辅不知是否为近代书画篆刻家浙江鄞县人王仁辅，待考。 鉴定组认为,/Users/yudong/Desktop/KGExplorer/backend/data/raw/text/Gq-txt-id/Gq00052.txt,attribute_linked,qimian.jpg,4,/Users/yudong/Desktop/KGExplorer/backend/data/raw/image/Gq00052,mixed_subject_scope
conflict:gq-object-007f5a5880:component_material,gq-object-007f5a5880,无名琴 · Gq00052 / Yjzq00052,component_material,配件材质,Yjzq,一见钟琴,Yjzq00052,无名琴 · Yjzq00052,檀木岳尾足,檀木岳尾足,52_无名琴,supported,檀木岳尾足 [supported_exact:1],长 124 厘米、肩宽 19.2 厘米、肩厚 5.1 厘米。 面桐底梓，后髹黑漆，鹿角灰胎，表面无断纹；蚌徽，后配檀木岳尾足，长方池沼；无文字题识。 此琴系 1954 年重庆市文化局拨交，交来时琴尾贴有一张小纸条，上书“捐赠人王仁辅”六字。此王仁辅不知是否为近代书画篆刻家浙江鄞县人王仁辅，待考。 此琴为明末琴,/Users/yudong/Desktop/KGExplorer/backend/data/raw/text/Yjzq-txt-id/Yjzq00052.txt,attribute_linked,qimian.jpg,5,/Users/yudong/Desktop/KGExplorer/backend/data/raw/image/Yjzq00052,
conflict:gq-object-08ea5ebdc1:material,gq-object-08ea5ebdc1,无名琴 · Gq00070 / Yjzq00082,material,材质,Gq,古琴,Gq00070,无名琴 · Gq00070,杉木,杉木,70_无名琴 | 70_琴底 | 70_琴面,not_found,杉木 [not_found:0.2],34. “大吕” 款琴 清 (1644～1911年) 仲尼式 通长119.4、隐间108、肩宽20.4、肩厚5、尾宽14、尾厚（残）4.7厘米 20世纪50年代重庆市博物馆收藏 此琴无名。木质面底皆杉。 薄瓦灰胎，髹黑漆，面漆有一处裂纹。池沼皆长方形。龙池19.2×2.1、凤沼10×2.1厘米。龙池内纳音下陷为浅圆槽状；凤沼内纳音原作浅圆槽状，后用木块将其下,/Users/yudong/Desktop/KGExplorer/backend/data/raw/text/Gq-txt-id/Gq00070.txt,attribute_linked,qimian.jpg,4,/Users/yudong/Desktop/KGExplorer/backend/data/raw/image/Gq00070,mixed_subject_scope | value_not_found_in_text
conflict:gq-object-08ea5ebdc1:material,gq-object-08ea5ebdc1,无名琴 · Gq00070 / Yjzq00082,material,材质,Yjzq,一见钟琴,Yjzq00082,无名琴 · Yjzq00082,杉木 | 梓木 | 黑漆,杉木 | 梓木 | 黑漆,82_无名琴 | 82_琴底 | 82_琴面,partial,杉木 [not_found:0.2] | 梓木 [not_found:0.2] | 黑漆 [supported_exact:1],此琴无名，通长119.4厘米、肩宽20.4厘米、肩厚5厘米。 面杉底梓，通体黑漆，薄瓦灰胎，无断纹；蚌徽，红木岳尾足；龙池纳音上墨书“大吕”。大吕为古代十二律之一，排列于黄钟之后，其音比黄钟高半个音程，约相当于西乐中的C。,/Users/yudong/Desktop/KGExplorer/backend/data/raw/text/Yjzq-txt-id/Yjzq00082.txt,attribute_linked,qimian.jpg,6,/Users/yudong/Desktop/KGExplorer/backend/data/raw/image/Yjzq00082,mixed_subject_scope | value_not_found_in_text
conflict:gq-object-08ea5ebdc1:component_material,gq-object-08ea5ebdc1,无名琴 · Gq00070 / Yjzq00082,component_material,配件材质,Gq,古琴,Gq00070,无名琴 · Gq00070,红木,红木,70_无名琴 | 70_琴尾,supported,红木 [supported_exact:1],2×2.1、凤沼10×2.1厘米。龙池内纳音下陷为浅圆槽状；凤沼内纳音原作浅圆槽状，后用木块将其下段2/3补平。蚌徽，红木岳山、雁足及琴尾附件。 龙池纳音中自尾至首墨书“大吕”二字。 大吕为古代十二律之一，排列于黄钟之后。本书第33号琴凤沼纳音上有墨书“黄钟”，与此琴当为同列。 琴底 琴头 龙池纳音中墨,/Users/yudong/Desktop/KGExplorer/backend/data/raw/text/Gq-txt-id/Gq00070.txt,attribute_linked,qimian.jpg,4,/Users/yudong/Desktop/KGExplorer/backend/data/raw/image/Gq00070,mixed_subject_scope
conflict:gq-object-08ea5ebdc1:component_material,gq-object-08ea5ebdc1,无名琴 · Gq00070 / Yjzq00082,component_material,配件材质,Yjzq,一见钟琴,Yjzq00082,无名琴 · Yjzq00082,墨书 | 红木,墨书 | 红木,82_尾足 | 82_岳 | 82_无名琴 | 82_龙池,supported,墨书 [supported_exact:1] | 红木 [supported_exact:1],米、肩宽20.4厘米、肩厚5厘米。 面杉底梓，通体黑漆，薄瓦灰胎，无断纹；蚌徽，红木岳尾足；龙池纳音上墨书“大吕”。大吕为古代十二律之一，排列于黄钟之后，其音比黄钟高半个音程，约相当于西乐中的C。,/Users/yudong/Desktop/KGExplorer/backend/data/raw/text/Yjzq-txt-id/Yjzq00082.txt,attribute_linked,qimian.jpg,6,/Users/yudong/Desktop/KGExplorer/backend/data/raw/image/Yjzq00082,mixed_subject_scope
conflict:gq-object-d22a6ae355:form,gq-object-d22a6ae355,来凰,form,形制,CQL,藏琴录,CQL016,来凰,仲尼式 | 长方形,仲尼式 | 长方形,16_凤沼 | 16_来凰 | 16_龙池,supported,仲尼式 [supported_exact:1] | 长方形 [supported_exact:1],唐仲尼式『来凰』七弦琴 仲尼式，紫粟壳色，琴面和琴背密布冰裂断、牛毛断、龟背断，八徽以下牛毛断尤其明显。侧墙无断纹。长方形龙池、凤沼，龙池内右侧刻“雷霄制”，左侧刻“赤城朱致远重修”；凤沼内右侧刻“清同治十二,/Users/yudong/Desktop/KGExplorer/backend/data/raw/text/CQL-txt-id/CQL016.txt,attribute_linked,qintou.jpg,11,/Users/yudong/Desktop/KGExplorer/backend/data/raw/image/CQL016,mixed_subject_scope
conflict:gq-object-d22a6ae355:form,gq-object-d22a6ae355,来凰,form,形制,QNQY,千年清音,QNQY041,来凰,长方形,长方形,41_龙池,supported,长方形 [supported_exact:1],然而清晰，且极有规律，琴面和琴背密布冰裂纹断、牛毛断、龟背断，八徽以下牛毛断纹尤其明显，侧墙全无断纹，可知其经过剖腹。长方形龙池、凤沼。 龙池上方有杨宗稷题名“来凰”，下有楷书题刻：“庚戌春予得鸣凤，为怡府二十四琴斋物，后得廿余琴，皆非其偶，惟此足以匹之，益征雷霄制赤城朱致远重修款非伪作，喜极，因以来凰名,/Users/yudong/Desktop/KGExplorer/backend/data/raw/text/QNQY-txt-id/QNQY041.txt,attribute_linked,qimian.jpg,7,/Users/yudong/Desktop/KGExplorer/backend/data/raw/image/QNQY041,
conflict:gq-object-d22a6ae355:dating_assessment,gq-object-d22a6ae355,来凰,dating_assessment,断代判断,CQL,藏琴录,CQL016,来凰,元代 | 盛唐开元年间,元代 | 盛唐开元年间,16_朱致远 | 16_雷霄,supported,元代 [supported_exact:1] | 盛唐开元年间 [supported_exact:1],，出自四川斫琴世家——雷家，与雷威同为雷家斫琴第一代，为盛唐开元年间人。 朱致远，浙江天台（古称赤城）人，元代著名斫琴家，与严清古、施溪云齐名，所斫之琴，大气沉稳，浑圆中隐有唐风，为元琴之最精者，多署“赤城朱致远制”“赤城慎斋朱致远”等。 1953年徐桴后人捐赠 琴长 120.4 厘米，隐间 110.7,/Users/yudong/Desktop/KGExplorer/backend/data/raw/text/CQL-txt-id/CQL016.txt,record_images_non_diagnostic,mingwen.jpg,11,/Users/yudong/Desktop/KGExplorer/backend/data/raw/image/CQL016,mixed_subject_scope
conflict:gq-object-d22a6ae355:dating_assessment,gq-object-d22a6ae355,来凰,dating_assessment,断代判断,QNQY,千年清音,QNQY041,来凰,盛唐开元时期,盛唐开元时期,41_来凰,supported,盛唐开元时期 [supported_exact:1],沼腹内有刻款：“清同治十二年岳阳李绥复修”。雷霄，唐代著名斫琴名匠，出自四川斫琴世家——雷家，与雷威同为雷家斫琴第一代，为盛唐开元时期人。朱致远，浙江天台（古称赤城）人，元朝著名斫琴家，与严清古、施溪云齐名，其所斫之琴，大气沉稳，浑圆中隐有唐风，为元琴之最精者，多署“赤城朱致远制”“赤城慎斋朱致远”等。 此琴面,/Users/yudong/Desktop/KGExplorer/backend/data/raw/text/QNQY-txt-id/QNQY041.txt,record_images_non_diagnostic,mingwen.jpg,7,/Users/yudong/Desktop/KGExplorer/backend/data/raw/image/QNQY041,
conflict:gq-object-d22a6ae355:duanwen,gq-object-d22a6ae355,来凰,duanwen,断纹,CQL,藏琴录,CQL016,来凰,冰裂断 | 牛毛断 | 龟背断,冰裂断 | 牛毛断 | 龟背断,16_来凰 | 16_琴底 | 16_琴面,supported,冰裂断 [supported_exact:1] | 牛毛断 [supported_exact:1] | 龟背断 [supported_exact:1],唐仲尼式『来凰』七弦琴 仲尼式，紫粟壳色，琴面和琴背密布冰裂断、牛毛断、龟背断，八徽以下牛毛断尤其明显。侧墙无断纹。长方形龙池、凤沼，龙池内右侧刻“雷霄制”，左侧刻“赤城朱致远重修”；凤沼内右侧刻“清同治十二年”，左侧刻“岳阳李绥复修”。轸池下有杨宗稷所刻琴名,/Users/yudong/Desktop/KGExplorer/backend/data/raw/text/CQL-txt-id/CQL016.txt,attribute_linked,qindi.jpg,11,/Users/yudong/Desktop/KGExplorer/backend/data/raw/image/CQL016,mixed_subject_scope
conflict:gq-object-d22a6ae355:duanwen,gq-object-d22a6ae355,来凰,duanwen,断纹,QNQY,千年清音,QNQY041,来凰,冰裂纹断、牛毛断、龟背断,冰裂纹断、牛毛断、龟背断,41_来凰 | 41_琴底 | 41_琴面,supported,冰裂纹断、牛毛断、龟背断 [supported_exact:1],浙江省博物馆藏 通体髹黑漆，发紫栗壳色，漆色沉稳古朴，纯鹿角灰胎，灰胎较厚。断纹自然而清晰，且极有规律，琴面和琴背密布冰裂纹断、牛毛断、龟背断，八徽以下牛毛断纹尤其明显，侧墙全无断纹，可知其经过剖腹。长方形龙池、凤沼。 龙池上方有杨宗稷题名“来凰”，下有楷书题刻：“庚戌春予得鸣凤，为怡府二十四琴斋物，后得廿余琴，皆非其偶，,/Users/yudong/Desktop/KGExplorer/backend/data/raw/text/QNQY-txt-id/QNQY041.txt,attribute_linked,qimian.jpg,7,/Users/yudong/Desktop/KGExplorer/backend/data/raw/image/QNQY041,mixed_subject_scope
conflict:gq-object-d22a6ae355:lacquer,gq-object-d22a6ae355,来凰,lacquer,漆色,CQL,藏琴录,CQL016,来凰,紫粟壳色,紫粟壳色,16_来凰,supported,紫粟壳色 [supported_exact:1],唐仲尼式『来凰』七弦琴 仲尼式，紫粟壳色，琴面和琴背密布冰裂断、牛毛断、龟背断，八徽以下牛毛断尤其明显。侧墙无断纹。长方形龙池、凤沼，龙池内右侧刻“雷霄制”，左侧刻“赤城朱致远重修”；凤沼内右侧刻“清同治十二年”，左侧刻“岳阳李绥复修”。,/Users/yudong/Desktop/KGExplorer/backend/data/raw/text/CQL-txt-id/CQL016.txt,attribute_linked,qindi.jpg,11,/Users/yudong/Desktop/KGExplorer/backend/data/raw/image/CQL016,
conflict:gq-object-d22a6ae355:lacquer,gq-object-d22a6ae355,来凰,lacquer,漆色,QNQY,千年清音,QNQY041,来凰,黑漆发紫栗壳色,黑漆发紫栗壳色漆,41_来凰,supported,黑漆发紫栗壳色 [supported_normalized:0.95],"唐仲尼式“来凰”七弦琴 琴长120.4厘米, 隐间110.7厘米, 额宽5.8厘米, 肩宽20.7厘米, 尾宽13.5厘米, 厚5.6厘米 1953 年徐圣禅后人捐赠，浙江省博物馆藏 通体髹黑漆，发紫栗壳色，漆色沉稳古朴，纯鹿角灰胎，灰胎较厚。断纹自然而清晰，且极有规律，琴面和琴背密布冰裂纹断、牛毛断、龟背断，八徽以下牛毛断纹尤其明显，侧墙全无断纹，可知其经",/Users/yudong/Desktop/KGExplorer/backend/data/raw/text/QNQY-txt-id/QNQY041.txt,attribute_linked,qimian.jpg,7,/Users/yudong/Desktop/KGExplorer/backend/data/raw/image/QNQY041,
conflict:gq-object-d22a6ae355:provenance,gq-object-d22a6ae355,来凰,provenance,递藏与来源,CQL,藏琴录,CQL016,来凰,怡府二十四琴斋,怡府二十四琴斋,16_来凰,supported,怡府二十四琴斋 [supported_exact:1],年”，左侧刻“岳阳李绥复修”。轸池下有杨宗稷所刻琴名“来凰”，其下题刻“庚戌（1910）春，予得鸣凤为怡府二十四琴斋物，后得廿余琴，皆非其偶，惟此足以匹之，益徵雷霄制赤城朱致远重修款非伪作，喜极，因以来凰名。铭曰：‘有凰求偶兮，翱翔三年，良材邂逅兮，九德兼全，凰兮凰兮，天假之缘。’”落款“壬子（1912）腊日，九,/Users/yudong/Desktop/KGExplorer/backend/data/raw/text/CQL-txt-id/CQL016.txt,record_images_non_diagnostic,mingwen.jpg,11,/Users/yudong/Desktop/KGExplorer/backend/data/raw/image/CQL016,
conflict:gq-object-d22a6ae355:provenance,gq-object-d22a6ae355,来凰,provenance,递藏与来源,QNQY,千年清音,QNQY041,来凰,徐圣禅后人 | 浙江省博物馆,徐圣禅后人 | 浙江省博物馆,41_来凰,supported,徐圣禅后人 [supported_exact:1] | 浙江省博物馆 [supported_exact:1],"4厘米, 隐间110.7厘米, 额宽5.8厘米, 肩宽20.7厘米, 尾宽13.5厘米, 厚5.6厘米 1953 年徐圣禅后人捐赠，浙江省博物馆藏 通体髹黑漆，发紫栗壳色，漆色沉稳古朴，纯鹿角灰胎，灰胎较厚。断纹自然而清晰，且极有规律，琴面和琴背密布冰裂纹断、牛毛断、龟背断，八徽以下牛毛断纹尤其明显，侧墙全无",/Users/yudong/Desktop/KGExplorer/backend/data/raw/text/QNQY-txt-id/QNQY041.txt,record_images_non_diagnostic,mingwen.jpg,7,/Users/yudong/Desktop/KGExplorer/backend/data/raw/image/QNQY041,
conflict:gq-object-d22a6ae355:inscription,gq-object-d22a6ae355,来凰,inscription,铭文,CQL,藏琴录,CQL016,来凰,岳阳李绥复修 | 来凰 | 清同治十二年 | 赤城朱致远重修 | 雷霄制,岳阳李绥复修 | 来凰 | 清同治十二年 | 赤城朱致远重修 | 雷霄制,16_凤沼 | 16_轸池 | 16_龙池,supported,岳阳李绥复修 [supported_exact:1] | 来凰 [supported_exact:1] | 清同治十二年 [supported_exact:1] | 赤城朱致远重修 [supported_exact:1] | 雷霄制 [supported_exact:1],形龙池、凤沼，龙池内右侧刻“雷霄制”，左侧刻“赤城朱致远重修”；凤沼内右侧刻“清同治十二年”，左侧刻“岳阳李绥复修”。轸池下有杨宗稷所刻琴名“来凰”，其下题刻“庚戌（1910）春，予得鸣凤为怡府二十四琴斋物，后得廿余琴，皆非其偶，惟此足以匹之，益徵雷霄制赤城朱致远重修款非伪作，喜极，因以来凰名。铭曰：‘有凰求偶,/Users/yudong/Desktop/KGExplorer/backend/data/raw/text/CQL-txt-id/CQL016.txt,attribute_linked,mingwen.jpg,11,/Users/yudong/Desktop/KGExplorer/backend/data/raw/image/CQL016,mixed_subject_scope
conflict:gq-object-d22a6ae355:inscription,gq-object-d22a6ae355,来凰,inscription,铭文,QNQY,千年清音,QNQY041,来凰,清同治十二年岳阳李绥复修 | 雷霄制赤城朱致远重修,清同治十二年岳阳李绥复修 | 雷霄制赤城朱致远重修,41_凤沼 | 41_龙池,supported,清同治十二年岳阳李绥复修 [supported_exact:1] | 雷霄制赤城朱致远重修 [supported_exact:1],斋的“鸣凤”可相媲美，所以借乐府琴曲《凤求凰》来命名此琴。 龙池腹腔内有刻款：“雷霄制赤城朱致远重修”，凤沼腹内有刻款：“清同治十二年岳阳李绥复修”。雷霄，唐代著名斫琴名匠，出自四川斫琴世家——雷家，与雷威同为雷家斫琴第一代，为盛唐开元时期人。朱致远，浙江天台（古称赤城）人，元朝著名斫琴家，与严清古、施溪云齐名，其所斫之琴,/Users/yudong/Desktop/KGExplorer/backend/data/raw/text/QNQY-txt-id/QNQY041.txt,attribute_linked,mingwen.jpg,7,/Users/yudong/Desktop/KGExplorer/backend/data/raw/image/QNQY041,mixed_subject_scope
conflict:gq-object-b688f82946:dating,gq-object-b688f82946,松石间意,dating,年代,Gq,古琴,Gq00020,松石间意,北宋(960~1127年),北宋,20_松石间意,supported,北宋(960~1127年) [supported_exact:1],5. “松石间意”琴 北宋（960～1127年） 仲尼式 通长122.5、隐间113.8、肩宽19.2、肩厚5.3、尾宽13.8、尾厚4.8厘米 此琴木质面桐底梓。鹿角霜灰，通体黑漆，光亮如新，发小蛇腹断、流水断和牛毛断。池沼皆作长方形，有贴格,/Users/yudong/Desktop/KGExplorer/backend/data/raw/text/Gq-txt-id/Gq00020.txt,record_images_non_diagnostic,mingwen.jpg,14,/Users/yudong/Desktop/KGExplorer/backend/data/raw/image/Gq00020,
conflict:gq-object-b688f82946:dating,gq-object-b688f82946,松石间意,dating,年代,QNQY,千年清音,QNQY053,松石间意,北宋,北宋,53_松石间意,supported,北宋 [supported_exact:1],北宋仲尼式“松石间意”七弦琴 琴长 122.5 厘米，隐间 113.8 厘米，肩宽 19.2 厘米，尾宽 13.8 厘米，肩厚 5.3 厘米，尾厚 4.8 厘米 重庆中国三峡博物馆藏 琴面桐底梓，鹿角霜灰,/Users/yudong/Desktop/KGExplorer/backend/data/raw/text/QNQY-txt-id/QNQY053.txt,record_images_non_diagnostic,mingwen.jpg,5,/Users/yudong/Desktop/KGExplorer/backend/data/raw/image/QNQY053,
conflict:gq-object-b688f82946:form,gq-object-b688f82946,松石间意,form,形制,Gq,古琴,Gq00020,松石间意,仲尼式,仲尼式,20_松石间意,supported,仲尼式 [supported_exact:1],5. “松石间意”琴 北宋（960～1127年） 仲尼式 通长122.5、隐间113.8、肩宽19.2、肩厚5.3、尾宽13.8、尾厚4.8厘米 此琴木质面桐底梓。鹿角霜灰，通体黑漆，光亮如新，发小蛇腹断、流水断和牛毛断。池沼皆作长方形，有贴格，龙池,/Users/yudong/Desktop/KGExplorer/backend/data/raw/text/Gq-txt-id/Gq00020.txt,attribute_linked,qimian.jpg,14,/Users/yudong/Desktop/KGExplorer/backend/data/raw/image/Gq00020,
conflict:gq-object-b688f82946:form,gq-object-b688f82946,松石间意,form,形制,QNQY,千年清音,QNQY053,松石间意,仲尼式 | 长方形,仲尼式 | 长方形,53_凤沼 | 53_松石间意 | 53_龙池,supported,仲尼式 [supported_exact:1] | 长方形 [supported_exact:1],北宋仲尼式“松石间意”七弦琴 琴长 122.5 厘米，隐间 113.8 厘米，肩宽 19.2 厘米，尾宽 13.8 厘米，肩厚 5.3 厘米，尾厚 4.8 厘米 重庆中国三峡博物馆藏 琴面桐底梓，鹿角霜灰，通体,/Users/yudong/Desktop/KGExplorer/backend/data/raw/text/QNQY-txt-id/QNQY053.txt,attribute_linked,qimian.jpg,5,/Users/yudong/Desktop/KGExplorer/backend/data/raw/image/QNQY053,mixed_subject_scope
conflict:gq-object-b688f82946:material,gq-object-b688f82946,松石间意,material,材质,Gq,古琴,Gq00020,松石间意,桐木 | 梓木 | 面桐底梓,桐木 | 梓木 | 面桐底梓,20_松石间意 | 20_琴底 | 20_琴面,partial,桐木 [not_found:0.2] | 梓木 [not_found:0.2] | 面桐底梓 [supported_exact:1],年） 仲尼式 通长122.5、隐间113.8、肩宽19.2、肩厚5.3、尾宽13.8、尾厚4.8厘米 此琴木质面桐底梓。鹿角霜灰，通体黑漆，光亮如新，发小蛇腹断、流水断和牛毛断。池沼皆作长方形，有贴格，龙池21.9×2.4、凤沼10.6×2.3厘米。纳音微拱。黄金徽，檀木岳山及琴尾附件，七个和田玉轸、一对和,/Users/yudong/Desktop/KGExplorer/backend/data/raw/text/Gq-txt-id/Gq00020.txt,attribute_linked,qimian.jpg,14,/Users/yudong/Desktop/KGExplorer/backend/data/raw/image/Gq00020,mixed_subject_scope | value_not_found_in_text
conflict:gq-object-b688f82946:material,gq-object-b688f82946,松石间意,material,材质,QNQY,千年清音,QNQY053,松石间意,桐木 | 梓木 | 琴面桐底梓,桐木 | 梓木 | 琴面桐底梓,53_松石间意 | 53_琴底 | 53_琴面,partial,桐木 [not_found:0.2] | 梓木 [not_found:0.2] | 琴面桐底梓 [supported_exact:1],隐间 113.8 厘米，肩宽 19.2 厘米，尾宽 13.8 厘米，肩厚 5.3 厘米，尾厚 4.8 厘米 重庆中国三峡博物馆藏 琴面桐底梓，鹿角霜灰，通体黑漆，光亮如新，发小蛇腹断、流水断和牛毛断。池沼皆作长方形，有贴格，龙池长21.9厘米，宽2.4厘米，凤沼长10.6厘米，宽2.3厘米。纳音微拱。黄金徽，,/Users/yudong/Desktop/KGExplorer/backend/data/raw/text/QNQY-txt-id/QNQY053.txt,attribute_linked,qimian.jpg,5,/Users/yudong/Desktop/KGExplorer/backend/data/raw/image/QNQY053,mixed_subject_scope | value_not_found_in_text
conflict:gq-object-b688f82946:lacquer,gq-object-b688f82946,松石间意,lacquer,漆色,Gq,古琴,Gq00020,松石间意,通体黑漆,黑漆,20_松石间意,supported,通体黑漆 [supported_exact:1],22.5、隐间113.8、肩宽19.2、肩厚5.3、尾宽13.8、尾厚4.8厘米 此琴木质面桐底梓。鹿角霜灰，通体黑漆，光亮如新，发小蛇腹断、流水断和牛毛断。池沼皆作长方形，有贴格，龙池21.9×2.4、凤沼10.6×2.3厘米。纳音微拱。黄金徽，檀木岳山及琴尾附件，七个和田玉轸、一对和田玉雁足为明代补配。,/Users/yudong/Desktop/KGExplorer/backend/data/raw/text/Gq-txt-id/Gq00020.txt,attribute_linked,qimian.jpg,14,/Users/yudong/Desktop/KGExplorer/backend/data/raw/image/Gq00020,
conflict:gq-object-b688f82946:lacquer,gq-object-b688f82946,松石间意,lacquer,漆色,QNQY,千年清音,QNQY053,松石间意,黑漆,黑漆,53_松石间意,supported,黑漆 [supported_exact:1],宽 19.2 厘米，尾宽 13.8 厘米，肩厚 5.3 厘米，尾厚 4.8 厘米 重庆中国三峡博物馆藏 琴面桐底梓，鹿角霜灰，通体黑漆，光亮如新，发小蛇腹断、流水断和牛毛断。池沼皆作长方形，有贴格，龙池长21.9厘米，宽2.4厘米，凤沼长10.6厘米，宽2.3厘米。纳音微拱。黄金徽，檀木岳山及琴尾附件，,/Users/yudong/Desktop/KGExplorer/backend/data/raw/text/QNQY-txt-id/QNQY053.txt,attribute_linked,qimian.jpg,5,/Users/yudong/Desktop/KGExplorer/backend/data/raw/image/QNQY053,
conflict:gq-object-b688f82946:current_holder,gq-object-b688f82946,松石间意,current_holder,现藏单位,Gq,古琴,Gq00020,松石间意,苏州怡园,苏州怡园,20_松石间意,supported,苏州怡园 [supported_exact:1],彭、王宠、石渠、陈庭鹭等。 如此众多的名家题词聚集在一张琴上，这在古琴中颇为罕见。据其上“坡仙琴馆”印章，此琴曾为苏州怡园主人顾文彬（1811～1889年）所藏。琴体浑厚，制作精美，断纹优美，题咏众多，是古琴中不可多得的精品。故专家组鉴定为北宋古琴，一级文物。 据馆藏登记卡片记载，此琴为1964年9月由“市,/Users/yudong/Desktop/KGExplorer/backend/data/raw/text/Gq-txt-id/Gq00020.txt,record_images_non_diagnostic,mingwen.jpg,14,/Users/yudong/Desktop/KGExplorer/backend/data/raw/image/Gq00020,
conflict:gq-object-b688f82946:current_holder,gq-object-b688f82946,松石间意,current_holder,现藏单位,QNQY,千年清音,QNQY053,松石间意,重庆中国三峡博物馆,重庆中国三峡博物馆,53_松石间意,supported,重庆中国三峡博物馆 [supported_exact:1], 122.5 厘米，隐间 113.8 厘米，肩宽 19.2 厘米，尾宽 13.8 厘米，肩厚 5.3 厘米，尾厚 4.8 厘米 重庆中国三峡博物馆藏 琴面桐底梓，鹿角霜灰，通体黑漆，光亮如新，发小蛇腹断、流水断和牛毛断。池沼皆作长方形，有贴格，龙池长21.9厘米，宽2.4厘米，凤沼长10.6厘米，宽2.3厘米。纳音微,/Users/yudong/Desktop/KGExplorer/backend/data/raw/text/QNQY-txt-id/QNQY053.txt,record_images_non_diagnostic,mingwen.jpg,5,/Users/yudong/Desktop/KGExplorer/backend/data/raw/image/QNQY053,
conflict:gq-object-b688f82946:provenance,gq-object-b688f82946,松石间意,provenance,递藏与来源,Gq,古琴,Gq00020,松石间意,市人民法院 | 顾文彬,市人民法院 | 顾文彬,20_松石间意,supported,市人民法院 [supported_exact:1] | 顾文彬 [supported_exact:1],，题咏众多，是古琴中不可多得的精品。故专家组鉴定为北宋古琴，一级文物。 据馆藏登记卡片记载，此琴为1964年9月由“市人民法院拨交”，但这个时间显然有误，因为据有关记载和我馆不少老同志回忆，此琴早在1950年代上半叶就入藏我馆了，所以有可能“1964”为“1954”之误。 琴侧,/Users/yudong/Desktop/KGExplorer/backend/data/raw/text/Gq-txt-id/Gq00020.txt,record_images_non_diagnostic,mingwen.jpg,14,/Users/yudong/Desktop/KGExplorer/backend/data/raw/image/Gq00020,
conflict:gq-object-b688f82946:provenance,gq-object-b688f82946,松石间意,provenance,递藏与来源,QNQY,千年清音,QNQY053,松石间意,顾文彬,顾文彬,53_松石间意,supported,顾文彬 [supported_exact:1],渠、陈庭鹭等，且以吴地文人为主。 如此众多的名家题词聚集在一张琴上，这在古琴中颇为罕见。据其上“坡仙琴馆”印章，此琴曾为苏州怡园主人顾文彬（1811—1889）所藏。琴体浑厚，制作精美，断纹优美，题咏众多，是古琴中不可多得的精品。 (撰文、摄影：重庆中国三峡博物馆提供),/Users/yudong/Desktop/KGExplorer/backend/data/raw/text/QNQY-txt-id/QNQY053.txt,record_images_non_diagnostic,mingwen.jpg,5,/Users/yudong/Desktop/KGExplorer/backend/data/raw/image/QNQY053,
conflict:gq-object-b688f82946:component_material,gq-object-b688f82946,松石间意,component_material,配件材质,Gq,古琴,Gq00020,松石间意,七个和田玉轸、一对和田玉雁足 | 檀木岳山及琴尾附件 | 黄金徽,七个和田玉轸、一对和田玉雁足 | 檀木岳山及琴尾附件 | 黄金徽,20_松石间意,supported,七个和田玉轸、一对和田玉雁足 [supported_exact:1] | 檀木岳山及琴尾附件 [supported_exact:1] | 黄金徽 [supported_exact:1],池沼皆作长方形，有贴格，龙池21.9×2.4、凤沼10.6×2.3厘米。纳音微拱。黄金徽，檀木岳山及琴尾附件，七个和田玉轸、一对和田玉雁足为明代补配。 琴底满刻铭文，连琴名共有文字题刻十二则，印款一枚，是目前所见题刻数量最多的古琴。落款者多为宋、明、清著名文人，且以吴地文人为主，如苏东坡、唐伯虎、祝允明、文徵明、沈周、文彭、王,/Users/yudong/Desktop/KGExplorer/backend/data/raw/text/Gq-txt-id/Gq00020.txt,attribute_linked,qimian.jpg,14,/Users/yudong/Desktop/KGExplorer/backend/data/raw/image/Gq00020,
conflict:gq-object-b688f82946:component_material,gq-object-b688f82946,松石间意,component_material,配件材质,QNQY,千年清音,QNQY053,松石间意,七个和田玉轸和一对和田玉雁足 | 檀木岳山及琴尾附件,七个和田玉轸和一对和田玉雁足 | 檀木岳山及琴尾附件,53_松石间意,supported,七个和田玉轸和一对和田玉雁足 [supported_exact:1] | 檀木岳山及琴尾附件 [supported_exact:1],池沼皆作长方形，有贴格，龙池长21.9厘米，宽2.4厘米，凤沼长10.6厘米，宽2.3厘米。纳音微拱。黄金徽，檀木岳山及琴尾附件，七个和田玉轸和一对和田玉雁足为明代补配。琴底满刻铭文，连琴名共有文字题刻十二则，印款一枚，是目前所见题刻数量最多的古琴。落款者多为宋、明、清著名文人，如苏东坡、唐伯虎、祝允明、文徵明、沈周、文彭、王,/Users/yudong/Desktop/KGExplorer/backend/data/raw/text/QNQY-txt-id/QNQY053.txt,attribute_linked,qimian.jpg,5,/Users/yudong/Desktop/KGExplorer/backend/data/raw/image/QNQY053,
conflict:gq-object-db99a5c696:dating,gq-object-db99a5c696,瀑飞,dating,年代,Gq,古琴,Gq00056,瀑飞,清代,清代,56_瀑飞,supported,清代 [supported_normalized:0.95],25. “瀑飞”琴 清 (1644～1911年) 仲尼式 通长121.2、隐间111.5、肩宽18.7、肩厚4.8、尾宽13、尾厚4.1厘米 20世纪50年代重庆市博物馆收藏 此琴木质面桐底梓。鹿角霜灰，髹深栗壳色漆，底漆泛红光。 池沼皆为长方形，龙池21.1×3厘米，纳音为长方台形；凤沼10.4×3厘米，纳音微拱。徽为翡翠，岳山、承露、龙龈为烟水晶，冠角与,/Users/yudong/Desktop/KGExplorer/backend/data/raw/text/Gq-txt-id/Gq00056.txt,record_images_non_diagnostic,mingwen.jpg,6,/Users/yudong/Desktop/KGExplorer/backend/data/raw/image/Gq00056,
conflict:gq-object-db99a5c696:dating,gq-object-db99a5c696,瀑飞,dating,年代,Yjzq,一见钟琴,Yjzq00061,瀑飞,清初,清初,61_瀑飞,supported,清初 [supported_exact:1],“瀑飞”，形容琴音如飞瀑泻玉，请越激荡。宋朱明之《昆山慧聚寺》诗句“香风动花影，岩瀑飞玉声”当取此意境。清初之李仲方无考。 此琴配件用材华美，所用水晶为名贵品种烟水晶中的茶晶，翡翠亦为上品；其音质润透，经鉴定为清初琴。,/Users/yudong/Desktop/KGExplorer/backend/data/raw/text/Yjzq-txt-id/Yjzq00061.txt,record_images_non_diagnostic,qimian.jpg,5,/Users/yudong/Desktop/KGExplorer/backend/data/raw/image/Yjzq00061,
conflict:gq-object-db99a5c696:lacquer,gq-object-db99a5c696,瀑飞,lacquer,漆色,Gq,古琴,Gq00056,瀑飞,深栗壳色漆,深栗壳色漆,56_瀑飞,supported,深栗壳色漆 [supported_exact:1],宽18.7、肩厚4.8、尾宽13、尾厚4.1厘米 20世纪50年代重庆市博物馆收藏 此琴木质面桐底梓。鹿角霜灰，髹深栗壳色漆，底漆泛红光。 池沼皆为长方形，龙池21.1×3厘米，纳音为长方台形；凤沼10.4×3厘米，纳音微拱。徽为翡翠，岳山、承露、龙龈为烟水晶，冠角与下贴用紫檀。 琴底项部篆琴名“瀑飞”二字，,/Users/yudong/Desktop/KGExplorer/backend/data/raw/text/Gq-txt-id/Gq00056.txt,attribute_linked,qimian.jpg,6,/Users/yudong/Desktop/KGExplorer/backend/data/raw/image/Gq00056,
conflict:gq-object-db99a5c696:lacquer,gq-object-db99a5c696,瀑飞,lacquer,漆色,Yjzq,一见钟琴,Yjzq00061,瀑飞,"深栗光色漆,黑中泛红","深栗光色漆,黑中泛红",61_瀑飞,supported,"深栗光色漆,黑中泛红 [supported_exact:1]",琴名“瀑飞”，通长1212厘米、肩宽18.7厘米、肩厚4.8厘米。 面桐底梓，深栗光色漆，黑中泛红，鹿角灰胎，无断纹；徽为翡翠，岳山、承露、龙殿均用茶色水晶制成，宝角、焦尾下贴及雁足皆用紫檀；池沼长方形。琴底项部徽“瀑飞”二字，龙池下一草书“李”字，由漆面挖出；其下一小方章，为“仲方”二字。 琴,/Users/yudong/Desktop/KGExplorer/backend/data/raw/text/Yjzq-txt-id/Yjzq00061.txt,attribute_linked,qimian.jpg,5,/Users/yudong/Desktop/KGExplorer/backend/data/raw/image/Yjzq00061,
conflict:gq-object-db99a5c696:ash,gq-object-db99a5c696,瀑飞,ash,灰胎,Gq,古琴,Gq00056,瀑飞,鹿角霜灰,鹿角霜灰,56_瀑飞,supported,鹿角霜灰 [supported_exact:1],11.5、肩宽18.7、肩厚4.8、尾宽13、尾厚4.1厘米 20世纪50年代重庆市博物馆收藏 此琴木质面桐底梓。鹿角霜灰，髹深栗壳色漆，底漆泛红光。 池沼皆为长方形，龙池21.1×3厘米，纳音为长方台形；凤沼10.4×3厘米，纳音微拱。徽为翡翠，岳山、承露、龙龈为烟水晶，冠角与下贴用紫檀。 琴底项部篆琴名,/Users/yudong/Desktop/KGExplorer/backend/data/raw/text/Gq-txt-id/Gq00056.txt,attribute_linked,qimian.jpg,6,/Users/yudong/Desktop/KGExplorer/backend/data/raw/image/Gq00056,
conflict:gq-object-db99a5c696:ash,gq-object-db99a5c696,瀑飞,ash,灰胎,Yjzq,一见钟琴,Yjzq00061,瀑飞,鹿角灰胎,鹿角灰胎,61_瀑飞,supported,鹿角灰胎 [supported_exact:1],琴名“瀑飞”，通长1212厘米、肩宽18.7厘米、肩厚4.8厘米。 面桐底梓，深栗光色漆，黑中泛红，鹿角灰胎，无断纹；徽为翡翠，岳山、承露、龙殿均用茶色水晶制成，宝角、焦尾下贴及雁足皆用紫檀；池沼长方形。琴底项部徽“瀑飞”二字，龙池下一草书“李”字，由漆面挖出；其下一小方章，为“仲方”二字。 琴名“瀑飞”,/Users/yudong/Desktop/KGExplorer/backend/data/raw/text/Yjzq-txt-id/Yjzq00061.txt,attribute_linked,qimian.jpg,5,/Users/yudong/Desktop/KGExplorer/backend/data/raw/image/Yjzq00061,
conflict:gq-object-db99a5c696:component_material,gq-object-db99a5c696,瀑飞,component_material,配件材质,Gq,古琴,Gq00056,瀑飞,烟水晶 | 紫檀,烟水晶 | 紫檀,56_下贴 | 56_冠角 | 56_岳山 | 56_承露 | 56_瀑飞 | 56_龙龈,supported,烟水晶 [supported_exact:1] | 紫檀 [supported_exact:1], 池沼皆为长方形，龙池21.1×3厘米，纳音为长方台形；凤沼10.4×3厘米，纳音微拱。徽为翡翠，岳山、承露、龙龈为烟水晶，冠角与下贴用紫檀。 琴底项部篆琴名“瀑飞”二字，龙池下一草书“李”字，由漆面挖出；其下一2.2厘米见方的小方章，文曰“仲方”。 此琴配件用材华美，所用水晶为名贵品种烟水晶中的茶晶，徽,/Users/yudong/Desktop/KGExplorer/backend/data/raw/text/Gq-txt-id/Gq00056.txt,attribute_linked,qimian.jpg,6,/Users/yudong/Desktop/KGExplorer/backend/data/raw/image/Gq00056,mixed_subject_scope
conflict:gq-object-db99a5c696:component_material,gq-object-db99a5c696,瀑飞,component_material,配件材质,Yjzq,一见钟琴,Yjzq00061,瀑飞,紫檀 | 茶色水晶,紫檀 | 茶色水晶,61_宝角 | 61_岳山 | 61_承露 | 61_瀑飞 | 61_焦尾 | 61_雁足 | 61_龙殿,supported,紫檀 [supported_exact:1] | 茶色水晶 [supported_exact:1],色漆，黑中泛红，鹿角灰胎，无断纹；徽为翡翠，岳山、承露、龙殿均用茶色水晶制成，宝角、焦尾下贴及雁足皆用紫檀；池沼长方形。琴底项部徽“瀑飞”二字，龙池下一草书“李”字，由漆面挖出；其下一小方章，为“仲方”二字。 琴名“瀑飞”，形容琴音如飞瀑泻玉，请越激荡。宋朱明之《昆山慧聚寺》诗句“香风动花影，岩瀑飞玉声,/Users/yudong/Desktop/KGExplorer/backend/data/raw/text/Yjzq-txt-id/Yjzq00061.txt,attribute_linked,qimian.jpg,5,/Users/yudong/Desktop/KGExplorer/backend/data/raw/image/Yjzq00061,mixed_subject_scope
conflict:gq-object-db99a5c696:inscription,gq-object-db99a5c696,瀑飞,inscription,铭文,Gq,古琴,Gq00056,瀑飞,56_铭文 | 瀑飞,56_铭文 | 瀑飞,56_琴底 | 56_铭文,structural_problem,56_铭文 [entity_reference:0] | 瀑飞 [supported_exact:1],25. “瀑飞”琴 清 (1644～1911年) 仲尼式 通长121.2、隐间111.5、肩宽18.7、肩厚4.8、尾宽13、尾厚4.1厘米 20世纪50年代重庆市博物馆收藏 此琴木质面桐底梓。鹿角霜灰，髹深栗壳,/Users/yudong/Desktop/KGExplorer/backend/data/raw/text/Gq-txt-id/Gq00056.txt,attribute_linked,mingwen.jpg,6,/Users/yudong/Desktop/KGExplorer/backend/data/raw/image/Gq00056,internal_entity_reference | mixed_subject_scope
conflict:gq-object-db99a5c696:inscription,gq-object-db99a5c696,瀑飞,inscription,铭文,Yjzq,一见钟琴,Yjzq00061,瀑飞,李 | 瀑飞,李 | 瀑飞,61_琴底 | 61_龙池,supported,李 [supported_exact:1] | 瀑飞 [supported_exact:1],龙殿均用茶色水晶制成，宝角、焦尾下贴及雁足皆用紫檀；池沼长方形。琴底项部徽“瀑飞”二字，龙池下一草书“李”字，由漆面挖出；其下一小方章，为“仲方”二字。 琴名“瀑飞”，形容琴音如飞瀑泻玉，请越激荡。宋朱明之《昆山慧聚寺》诗句“香风动花影，岩瀑飞玉声”当取此意境。清初之李仲方无考。 此琴配件用材华美，所,/Users/yudong/Desktop/KGExplorer/backend/data/raw/text/Yjzq-txt-id/Yjzq00061.txt,record_images_only,qimian.jpg,5,/Users/yudong/Desktop/KGExplorer/backend/data/raw/image/Yjzq00061,mixed_subject_scope
conflict:gq-object-2c7267350c:form,gq-object-2c7267350c,疏影,form,形制,CQL,藏琴录,CQL030,疏影,仲尼式 | 长方形,仲尼式 | 长方形,30_凤沼 | 30_疏影 | 30_龙池,supported,仲尼式 [supported_exact:1] | 长方形 [supported_exact:1],唐 七弦琴 仲尼式「疏影」 黑漆，贝壳徽，以蛇腹断间流水断为主，略有梅花点断。琴体宽大，棱角分明，岳山较高。声音松透、均匀。长方形龙池、凤沼。腹腔内木质呈褐色，无题款。轸池下方刻琴名“疏影”。 龙池上方题刻“《琅璟,/Users/yudong/Desktop/KGExplorer/backend/data/raw/text/CQL-txt-id/CQL030.txt,attribute_linked,qimian.jpg,8,/Users/yudong/Desktop/KGExplorer/backend/data/raw/image/CQL030,mixed_subject_scope
conflict:gq-object-2c7267350c:form,gq-object-2c7267350c,疏影,form,形制,QNQY,千年清音,QNQY045,疏影,长方形,长方形,45_凤沼 | 45_龙池,supported,长方形 [supported_exact:1], 厘米 1953 年徐圣禅后人捐赠，浙江省博物馆藏 通体髹黑漆，贝壳徽，以蛇腹间流水断为主，略有梅花断。琴体宽大，棱角分明，岳山较高。长方形龙池凤沼。龙池上方下方均有题刻。腹内木质褐色，腹腔内无题款。 此琴著录于《琴学丛书》中，杨时百因琴上梅花断甚众，所以起名为“疏影”，并刻于轸池下。龙池上、下方和凤沼两,/Users/yudong/Desktop/KGExplorer/backend/data/raw/text/QNQY-txt-id/QNQY045.txt,attribute_linked,qimian.jpg,4,/Users/yudong/Desktop/KGExplorer/backend/data/raw/image/QNQY045,mixed_subject_scope
conflict:gq-object-2c7267350c:duanwen,gq-object-2c7267350c,疏影,duanwen,断纹,CQL,藏琴录,CQL030,疏影,梅花点断 | 蛇腹断间流水断,梅花点断 | 蛇腹断间流水断,30_疏影,supported,梅花点断 [supported_exact:1] | 蛇腹断间流水断 [supported_exact:1],唐 七弦琴 仲尼式「疏影」 黑漆，贝壳徽，以蛇腹断间流水断为主，略有梅花点断。琴体宽大，棱角分明，岳山较高。声音松透、均匀。长方形龙池、凤沼。腹腔内木质呈褐色，无题款。轸池下方刻琴名“疏影”。 龙池上方题刻“《琅璟记》：陈郡庄氏女每弄《梅花曲》，闻者皆云有暗香，更以‘暗,/Users/yudong/Desktop/KGExplorer/backend/data/raw/text/CQL-txt-id/CQL030.txt,attribute_linked,qimian.jpg,8,/Users/yudong/Desktop/KGExplorer/backend/data/raw/image/CQL030,
conflict:gq-object-2c7267350c:duanwen,gq-object-2c7267350c,疏影,duanwen,断纹,QNQY,千年清音,QNQY045,疏影,梅花断 | 蛇腹间流水断,梅花断 | 蛇腹间流水断,45_疏影,supported,梅花断 [supported_exact:1] | 蛇腹间流水断 [supported_exact:1],厘米，尾宽 13.3 厘米，厚 5.2 厘米 1953 年徐圣禅后人捐赠，浙江省博物馆藏 通体髹黑漆，贝壳徽，以蛇腹间流水断为主，略有梅花断。琴体宽大，棱角分明，岳山较高。长方形龙池凤沼。龙池上方下方均有题刻。腹内木质褐色，腹腔内无题款。 此琴著录于《琴学丛书》中，杨时百因琴上梅花断甚众，所以起名为“疏影,/Users/yudong/Desktop/KGExplorer/backend/data/raw/text/QNQY-txt-id/QNQY045.txt,attribute_linked,qimian.jpg,4,/Users/yudong/Desktop/KGExplorer/backend/data/raw/image/QNQY045,
conflict:gq-object-2c7267350c:material,gq-object-2c7267350c,疏影,material,材质,CQL,藏琴录,CQL030,疏影,褐色木质 | 贝壳徽 | 黑漆,褐色木质 | 贝壳徽 | 黑漆,30_琴底 | 30_琴面 | 30_疏影,partial,褐色木质 [not_found:0.333] | 贝壳徽 [supported_exact:1] | 黑漆 [supported_exact:1],唐 七弦琴 仲尼式「疏影」 黑漆，贝壳徽，以蛇腹断间流水断为主，略有梅花点断。琴体宽大，棱角分明，岳山较高。声音松透、均匀。长方形龙池、凤沼。腹腔内木质呈褐色，无题款。轸池下方刻琴名“疏影”。 龙池上方题刻“《琅璟记》：陈郡庄氏女每弄,/Users/yudong/Desktop/KGExplorer/backend/data/raw/text/CQL-txt-id/CQL030.txt,attribute_linked,qimian.jpg,8,/Users/yudong/Desktop/KGExplorer/backend/data/raw/image/CQL030,mixed_subject_scope | value_not_found_in_text
conflict:gq-object-2c7267350c:material,gq-object-2c7267350c,疏影,material,材质,QNQY,千年清音,QNQY045,疏影,木质褐色 | 贝壳徽,木质褐色 | 贝壳徽,45_琴底 | 45_疏影,supported,木质褐色 [supported_exact:1] | 贝壳徽 [supported_exact:1],博物馆藏 通体髹黑漆，贝壳徽，以蛇腹间流水断为主，略有梅花断。琴体宽大，棱角分明，岳山较高。长方形龙池凤沼。龙池上方下方均有题刻。腹内木质褐色，腹腔内无题款。 此琴著录于《琴学丛书》中，杨时百因琴上梅花断甚众，所以起名为“疏影”，并刻于轸池下。龙池上、下方和凤沼两侧均有杨氏题刻“证其为唐物”。龙池上方题有：,/Users/yudong/Desktop/KGExplorer/backend/data/raw/text/QNQY-txt-id/QNQY045.txt,attribute_linked,qimian.jpg,4,/Users/yudong/Desktop/KGExplorer/backend/data/raw/image/QNQY045,mixed_subject_scope
conflict:gq-object-2c7267350c:provenance,gq-object-2c7267350c,疏影,provenance,递藏与来源,CQL,藏琴录,CQL030,疏影,庐陵彭氏,庐陵彭氏,30_疏影,supported,庐陵彭氏 [supported_exact:1],梅花断得名。《洞天清录》云：‘梅花断非千百载不能有’，因摹李阳冰题‘韵磬’字，仍刻沼旁，证其为唐物。‘韵磬’藏庐陵彭氏，予借弹数日，音韵亦与此相伯仲也。癸亥(1923)立秋日宗稷再识。”下刻“半百琴斋”方印。 凤沼左右分别刻有大篆“万念俱静”“八音克谐”，下刻“李阳冰篆”。此12字为杨氏根据一张李阳冰款“韵,/Users/yudong/Desktop/KGExplorer/backend/data/raw/text/CQL-txt-id/CQL030.txt,record_images_non_diagnostic,mingwen.jpg,8,/Users/yudong/Desktop/KGExplorer/backend/data/raw/image/CQL030,
conflict:gq-object-2c7267350c:provenance,gq-object-2c7267350c,疏影,provenance,递藏与来源,QNQY,千年清音,QNQY045,疏影,徐圣禅后人 | 浙江省博物馆,徐圣禅后人 | 浙江省博物馆,45_疏影,supported,徐圣禅后人 [supported_exact:1] | 浙江省博物馆 [supported_exact:1],.7 厘米，隐间 115.1 厘米，额宽 17.8 厘米 肩宽 18.9 厘米，尾宽 13.3 厘米，厚 5.2 厘米 1953 年徐圣禅后人捐赠，浙江省博物馆藏 通体髹黑漆，贝壳徽，以蛇腹间流水断为主，略有梅花断。琴体宽大，棱角分明，岳山较高。长方形龙池凤沼。龙池上方下方均有题刻。腹内木质褐色，腹腔内无题款,/Users/yudong/Desktop/KGExplorer/backend/data/raw/text/QNQY-txt-id/QNQY045.txt,record_images_non_diagnostic,mingwen.jpg,4,/Users/yudong/Desktop/KGExplorer/backend/data/raw/image/QNQY045,
conflict:gq-object-2c7267350c:inscription,gq-object-2c7267350c,疏影,inscription,铭文,CQL,藏琴录,CQL030,疏影,万念俱静 | 八音克谐 | 李阳冰篆 | 疏影,万念俱静 | 八音克谐 | 李阳冰篆 | 疏影,30_凤沼 | 30_龙池,supported,万念俱静 [supported_exact:1] | 八音克谐 [supported_exact:1] | 李阳冰篆 [supported_exact:1] | 疏影 [supported_exact:1],予借弹数日，音韵亦与此相伯仲也。癸亥(1923)立秋日宗稷再识。”下刻“半百琴斋”方印。 凤沼左右分别刻有大篆“万念俱静”“八音克谐”，下刻“李阳冰篆”。此12字为杨氏根据一张李阳冰款“韵磬”琴的琴铭而摹，但“李阳冰篆”四字，既与唐代流行的铁线篆相异，又与李阳冰在缙云城隍庙碑上的题刻字迹迥异，似是后人伪刻。,/Users/yudong/Desktop/KGExplorer/backend/data/raw/text/CQL-txt-id/CQL030.txt,attribute_linked,mingwen.jpg,8,/Users/yudong/Desktop/KGExplorer/backend/data/raw/image/CQL030,mixed_subject_scope
conflict:gq-object-2c7267350c:inscription,gq-object-2c7267350c,疏影,inscription,铭文,QNQY,千年清音,QNQY045,疏影,《琅嬛记》题刻 | 大篆题刻 | 杨宗稷题刻,《琅嬛记》题刻 | 大篆题刻 | 杨宗稷题刻,45_凤沼 | 45_龙池,not_found,《琅嬛记》题刻 [not_found:0.462] | 大篆题刻 [not_found:0.333] | 杨宗稷题刻 [partial:0.615],唐仲尼式“疏影”七弦琴 琴长 124.7 厘米，隐间 115.1 厘米，额宽 17.8 厘米 肩宽 18.9 厘米，尾宽 13.3 厘米，厚 5.2 厘米 1953 年徐圣禅后人捐赠，浙江省博物馆藏 通体髹黑漆，贝壳徽，以蛇腹间流水断为主，略有梅花断。琴体宽大，棱角分明，岳山较高。长方形龙池凤沼。龙池上方下方均有题刻。腹内木质褐色，腹腔内无题款。 此琴著录于,/Users/yudong/Desktop/KGExplorer/backend/data/raw/text/QNQY-txt-id/QNQY045.txt,attribute_linked,mingwen.jpg,4,/Users/yudong/Desktop/KGExplorer/backend/data/raw/image/QNQY045,mixed_subject_scope | value_not_found_in_text
conflict:gq-object-9a8c534b1e:form,gq-object-9a8c534b1e,秋鸿,form,形制,CQL,藏琴录,CQL034,秋鸿,仲尼式 | 长方形,仲尼式 | 长方形,34_凤沼 | 34_秋鸿 | 34_龙池,supported,仲尼式 [supported_exact:1] | 长方形 [supported_exact:1],唐 仲尼式「秋鸿」 七弦琴 通体黑漆间褐色，贝壳徽。琴体扁平、偏小，隐间较一般的琴短十一二厘米。长方形龙池、凤沼，腹腔内木质发黑，极旧。琴面遍布流水断、小蛇腹断和鱼鳞断，琴背满布冰裂断。 轸池下方刻小篆“集海,/Users/yudong/Desktop/KGExplorer/backend/data/raw/text/CQL-txt-id/CQL034.txt,attribute_linked,qimian.jpg,9,/Users/yudong/Desktop/KGExplorer/backend/data/raw/image/CQL034,mixed_subject_scope
conflict:gq-object-9a8c534b1e:form,gq-object-9a8c534b1e,秋鸿,form,形制,QNQY,千年清音,QNQY039,秋鸿,长方形,长方形,39_凤沼 | 39_龙池,supported,长方形 [supported_exact:1],短十一二厘米，是方便于携带的膝琴。琴面遍布流水断、小蛇腹断和鱼鳞纹断，琴背满布冰裂纹断。琴背至轸池到焦尾遍布唐、宋至明代的多款题刻。长方形龙池凤沼，腔内木质发黑，极旧。 龙池上方题大篆琴名“秋鸿”二字。龙池两侧小篆四行云：“泰山之桐高百尺，取彼孙枝坚且实。斫而为琴藏我室，厥音锵锵出金石，鼓之迮之加诸膝。”,/Users/yudong/Desktop/KGExplorer/backend/data/raw/text/QNQY-txt-id/QNQY039.txt,attribute_linked,qimian.jpg,4,/Users/yudong/Desktop/KGExplorer/backend/data/raw/image/QNQY039,mixed_subject_scope
conflict:gq-object-9a8c534b1e:material,gq-object-9a8c534b1e,秋鸿,material,材质,CQL,藏琴录,CQL034,秋鸿,发黑木质 | 木质 | 贝壳徽,发黑木质 | 木质 | 贝壳徽,34_琴底 | 34_琴面 | 34_秋鸿,partial,发黑木质 [not_found:0.333] | 木质 [supported_exact:1] | 贝壳徽 [supported_exact:1],鸿」 七弦琴 通体黑漆间褐色，贝壳徽。琴体扁平、偏小，隐间较一般的琴短十一二厘米。长方形龙池、凤沼，腹腔内木质发黑，极旧。琴面遍布流水断、小蛇腹断和鱼鳞断，琴背满布冰裂断。 轸池下方刻小篆“集海岱之良才”，龙池上方刻大篆“秋鸿”二字。龙池两旁刻小篆四行：“泰山之桐高百尺，取彼孙枝坚且实。斫而为琴藏我室，,/Users/yudong/Desktop/KGExplorer/backend/data/raw/text/CQL-txt-id/CQL034.txt,attribute_linked,qimian.jpg,9,/Users/yudong/Desktop/KGExplorer/backend/data/raw/image/CQL034,mixed_subject_scope | value_not_found_in_text
conflict:gq-object-9a8c534b1e:material,gq-object-9a8c534b1e,秋鸿,material,材质,QNQY,千年清音,QNQY039,秋鸿,木质 | 桐木 | 贝壳徽,木质 | 桐木 | 贝壳徽,39_凤沼 | 39_琴面 | 39_秋鸿 | 39_龙池,partial,木质 [supported_exact:1] | 桐木 [not_found:0.2] | 贝壳徽 [supported_exact:1],于携带的膝琴。琴面遍布流水断、小蛇腹断和鱼鳞纹断，琴背满布冰裂纹断。琴背至轸池到焦尾遍布唐、宋至明代的多款题刻。长方形龙池凤沼，腔内木质发黑，极旧。 龙池上方题大篆琴名“秋鸿”二字。龙池两侧小篆四行云：“泰山之桐高百尺，取彼孙枝坚且实。斫而为琴藏我室，厥音锵锵出金石，鼓之迮之加诸膝。”印方七分“张荀艺印,/Users/yudong/Desktop/KGExplorer/backend/data/raw/text/QNQY-txt-id/QNQY039.txt,attribute_linked,qimian.jpg,4,/Users/yudong/Desktop/KGExplorer/backend/data/raw/image/QNQY039,mixed_subject_scope | value_not_found_in_text
conflict:gq-object-9a8c534b1e:current_holder,gq-object-9a8c534b1e,秋鸿,current_holder,现藏单位,CQL,藏琴录,CQL034,秋鸿,杨宗稷后人 | 民间,杨宗稷后人 | 民间,34_秋鸿,partial,杨宗稷后人 [not_found:0.462] | 民间 [supported_exact:1],此琴自唐麟德间家传，至皇宋太平兴国之五年重修，藏于百忍堂。” 此琴在 1900 年八国联军之乱时从北京西苑三海流落民间，杨宗稷用重金购得，并作出了“唐琴难得，孝友传家之物尤难得，当传之子孙世以为宝”的评价。 潘纬，字仲安，号象安，明代安徽歙县人，万历中官武英殿中书舍人。 张公艺（577—676），郓州寿,/Users/yudong/Desktop/KGExplorer/backend/data/raw/text/CQL-txt-id/CQL034.txt,record_images_non_diagnostic,mingwen.jpg,9,/Users/yudong/Desktop/KGExplorer/backend/data/raw/image/CQL034,value_not_found_in_text
conflict:gq-object-9a8c534b1e:current_holder,gq-object-9a8c534b1e,秋鸿,current_holder,现藏单位,QNQY,千年清音,QNQY039,秋鸿,浙江省博物馆,浙江省博物馆,39_秋鸿,supported,浙江省博物馆 [supported_exact:1],间 100.5 厘米，额宽 15.1 厘米，肩宽 17 厘米，尾宽 11.8 厘米，厚 5.3 厘米 1953 年徐圣禅后人捐赠，浙江省博物馆藏 琴通体黑漆间褐色，贝壳徽。琴体扁平、偏小，隐间较一般的琴短十一二厘米，是方便于携带的膝琴。琴面遍布流水断、小蛇腹断和鱼鳞纹断，琴背满布冰裂纹断。琴背至轸池到焦尾遍布唐,/Users/yudong/Desktop/KGExplorer/backend/data/raw/text/QNQY-txt-id/QNQY039.txt,record_images_non_diagnostic,mingwen.jpg,4,/Users/yudong/Desktop/KGExplorer/backend/data/raw/image/QNQY039,
conflict:gq-object-9a8c534b1e:provenance,gq-object-9a8c534b1e,秋鸿,provenance,递藏与来源,CQL,藏琴录,CQL034,秋鸿,北京西苑三海 | 杨宗稷 | 百忍堂,北京西苑三海 | 杨宗稷 | 百忍堂,34_秋鸿,supported,北京西苑三海 [supported_exact:1] | 杨宗稷 [supported_exact:1] | 百忍堂 [supported_exact:1],下至蕉尾刻楷书“此琴自唐麟德间家传，至皇宋太平兴国之五年重修，藏于百忍堂。” 此琴在 1900 年八国联军之乱时从北京西苑三海流落民间，杨宗稷用重金购得，并作出了“唐琴难得，孝友传家之物尤难得，当传之子孙世以为宝”的评价。 潘纬，字仲安，号象安，明代安徽歙县人，万历中官武英殿中书舍人。 张公艺（577—676）,/Users/yudong/Desktop/KGExplorer/backend/data/raw/text/CQL-txt-id/CQL034.txt,record_images_non_diagnostic,mingwen.jpg,9,/Users/yudong/Desktop/KGExplorer/backend/data/raw/image/CQL034,
conflict:gq-object-9a8c534b1e:provenance,gq-object-9a8c534b1e,秋鸿,provenance,递藏与来源,QNQY,千年清音,QNQY039,秋鸿,不详 | 徐圣禅后人 | 百忍堂,不详 | 徐圣禅后人 | 百忍堂,39_秋鸿,structural_problem,不详 [placeholder:0] | 徐圣禅后人 [supported_exact:1] | 百忍堂 [supported_exact:1],9.3 厘米，隐间 100.5 厘米，额宽 15.1 厘米，肩宽 17 厘米，尾宽 11.8 厘米，厚 5.3 厘米 1953 年徐圣禅后人捐赠，浙江省博物馆藏 琴通体黑漆间褐色，贝壳徽。琴体扁平、偏小，隐间较一般的琴短十一二厘米，是方便于携带的膝琴。琴面遍布流水断、小蛇腹断和鱼鳞纹断，琴背满布冰裂纹断。琴背,/Users/yudong/Desktop/KGExplorer/backend/data/raw/text/QNQY-txt-id/QNQY039.txt,record_images_non_diagnostic,mingwen.jpg,4,/Users/yudong/Desktop/KGExplorer/backend/data/raw/image/QNQY039,placeholder_as_value
conflict:gq-object-9a8c534b1e:inscription,gq-object-9a8c534b1e,秋鸿,inscription,铭文,CQL,藏琴录,CQL034,秋鸿,"岁古材良,形短声长。其色浸黯,其文弥彰。抚便于膝,携便于囊。爱尔小雅,偕我行藏。明万历癸未(1583),新安潘玮识 | 此琴自唐麟德间家传,至皇宋太平兴国之五年重修,藏于百忍堂 | 泰山之桐高百尺,取彼孙枝坚且实。斫而为琴藏我室,厥音锵锵出金石,鼓之迮之加诸漆 | 秋鸿 | 集海岱之良才","岁古材良,形短声长。其色浸黯,其文弥彰。抚便于膝,携便于囊。爱尔小雅,偕我行藏。明万历癸未,新安潘玮识 | 此琴自唐麟德间家传,至皇宋太平兴国之五年重修,藏于百忍堂 | 泰山之桐高百尺,取彼孙枝坚且实。斫而为琴藏我室,厥音锵锵出金石,鼓之迮之加诸漆 | 秋鸿 | 集海岱之良才",34_凤沼 | 34_雁足 | 34_龙池,supported,"岁古材良,形短声长。其色浸黯,其文弥彰。抚便于膝,携便于囊。爱尔小雅,偕我行藏。明万历癸未(1583),新安潘玮识 [supported_exact:1] | 此琴自唐麟德间家传,至皇宋太平兴国之五年重修,藏于百忍堂 [supported_exact:1] | 泰山之桐高百尺,取彼孙枝坚且实。斫而为琴藏我室,厥音锵锵出金石,鼓之迮之加诸漆 [supported_exact:1] | 秋鸿 [supported_exact:1] | 集海岱之良才 [supported_exact:1]",高百尺，取彼孙枝坚且实。斫而为琴藏我室，厥音锵锵出金石，鼓之迮之加诸漆。”刻四字方印“张荀執印”。池下题刻“岁古材良，形短声长。其色浸黯，其文弥彰。抚便于膝，携便于囊。爱尔小雅，偕我行藏。明万历癸未（1583），新安潘玮识”，并刻“象安”印，刻工极精。雁足下至蕉尾刻楷书“此琴自唐麟德间家传，至皇宋太平兴国之五年重修，藏于百忍堂。” 此琴在 1900 年八国联军之乱时从北京西苑三海流落民间，杨宗稷用重金购得，并作,/Users/yudong/Desktop/KGExplorer/backend/data/raw/text/CQL-txt-id/CQL034.txt,attribute_linked,mingwen.jpg,9,/Users/yudong/Desktop/KGExplorer/backend/data/raw/image/CQL034,mixed_subject_scope
conflict:gq-object-9a8c534b1e:inscription,gq-object-9a8c534b1e,秋鸿,inscription,铭文,QNQY,千年清音,QNQY039,秋鸿,39_铭文,39_铭文,39_凤沼 | 39_龙池,structural_problem,39_铭文 [entity_reference:0],唐仲尼式“秋鸿”七弦琴 琴长 109.3 厘米，隐间 100.5 厘米，额宽 15.1 厘米，肩宽 17 厘米，尾宽 11.8 厘米，厚 5.3 厘米 1953 年徐圣禅后人捐赠，浙江省博物馆藏 琴通体黑漆间褐色，贝壳徽。琴体扁平、偏小，隐间较一般的琴短十一二厘米，是方便于携带的膝琴。琴面遍布流水断、小蛇腹断和鱼鳞纹断，琴背满布冰裂纹断。琴背至轸池到焦尾遍布,/Users/yudong/Desktop/KGExplorer/backend/data/raw/text/QNQY-txt-id/QNQY039.txt,attribute_linked,mingwen.jpg,4,/Users/yudong/Desktop/KGExplorer/backend/data/raw/image/QNQY039,internal_entity_reference | mixed_subject_scope
conflict:gq-object-9a8c534b1e:inscriber,gq-object-9a8c534b1e,秋鸿,inscriber,题刻者,CQL,藏琴录,CQL034,秋鸿,张荀執 | 潘玮,张荀執 | 潘玮,34_秋鸿,supported,张荀執 [supported_exact:1] | 潘玮 [supported_exact:1],刻小篆四行：“泰山之桐高百尺，取彼孙枝坚且实。斫而为琴藏我室，厥音锵锵出金石，鼓之迮之加诸漆。”刻四字方印“张荀執印”。池下题刻“岁古材良，形短声长。其色浸黯，其文弥彰。抚便于膝，携便于囊。爱尔小雅，偕我行藏。明万历癸未（1583），新安潘玮识”，并刻“象安”印，刻工极精。雁足下至蕉尾刻楷书“此琴自唐麟德,/Users/yudong/Desktop/KGExplorer/backend/data/raw/text/CQL-txt-id/CQL034.txt,attribute_linked,mingwen.jpg,9,/Users/yudong/Desktop/KGExplorer/backend/data/raw/image/CQL034,
conflict:gq-object-9a8c534b1e:inscriber,gq-object-9a8c534b1e,秋鸿,inscriber,题刻者,QNQY,千年清音,QNQY039,秋鸿,潘纬,潘纬,39_秋鸿,supported,潘纬 [supported_exact:1],“张荀艺印”四字。 龙池下分书五行云：“岁古材良，形短声长。其色寝黯，其文弥彰。抚便于膝，携便于囊。爱尔小雅，偕我行藏。明万历癸未，新安潘纬识。”两印方三分“象安”二字，刻工极精。 题名上接近轸池处，宽七分长寸五分小篆“集海岱之良才”六字。雁足下至焦尾，楷书云：“此琴自唐麟德间家传；至皇宋太平兴国之五年,/Users/yudong/Desktop/KGExplorer/backend/data/raw/text/QNQY-txt-id/QNQY039.txt,attribute_linked,mingwen.jpg,4,/Users/yudong/Desktop/KGExplorer/backend/data/raw/image/QNQY039,
conflict:gq-object-1215b79e6b:duanwen,gq-object-1215b79e6b,谷应,duanwen,断纹,CQL,藏琴录,CQL021,谷应,小流水断与牛毛断,小流水断与牛毛断,21_谷应,supported,小流水断与牛毛断 [supported_exact:1],唐 灵机式「谷应」七弦琴 黑漆，纯鹿角灰胎，通体小流水断与牛毛断。蚌徽，其中第四徽以翡翠重补。圆形龙池、凤沼，镶有硬木边，内部可见六边形木块镶嵌拼接，是为百衲之法。腹内面板木色发黑，龙池内刻正楷填朱砂款“雷霄制”。轸池下草书琴名“谷应”。龙池上方有刘墉草书题款,/Users/yudong/Desktop/KGExplorer/backend/data/raw/text/CQL-txt-id/CQL021.txt,attribute_linked,qincemian.jpg,14,/Users/yudong/Desktop/KGExplorer/backend/data/raw/image/CQL021,
conflict:gq-object-1215b79e6b:duanwen,gq-object-1215b79e6b,谷应,duanwen,断纹,QNQY,千年清音,QNQY033,谷应,小流水断 | 牛毛断,小流水断 | 牛毛断,33_琴面 | 33_谷应,supported,小流水断 [supported_exact:1] | 牛毛断 [supported_exact:1],4 厘米，尾宽 13.7 厘米，厚 5.6 厘米 1953 年徐圣禅后人捐赠，浙江省博物馆藏 通体髹黑漆，纯鹿角灰胎，通体小流水断与牛毛断。贝壳徽，其中第四徽以翡翠重补。琴首呈弧形，项斜收为内收大弧形，近肩处作一内收小弧形，肩自三徽起，腰在十徽处，为一内收小弧形的腰，双足在九徽处。圆形池沼，龙池边镶有硬木边,/Users/yudong/Desktop/KGExplorer/backend/data/raw/text/QNQY-txt-id/QNQY033.txt,attribute_linked,qimian.jpg,5,/Users/yudong/Desktop/KGExplorer/backend/data/raw/image/QNQY033,mixed_subject_scope
conflict:gq-object-1215b79e6b:lacquer,gq-object-1215b79e6b,谷应,lacquer,漆色,CQL,藏琴录,CQL021,谷应,黑漆,黑漆,21_谷应,supported,黑漆 [supported_exact:1],唐 灵机式「谷应」七弦琴 黑漆，纯鹿角灰胎，通体小流水断与牛毛断。蚌徽，其中第四徽以翡翠重补。圆形龙池、凤沼，镶有硬木边，内部可见六边形木块镶嵌拼接，是为百衲之法。腹内面板木色发黑，龙池内刻正楷填朱砂款“雷霄制”。轸池下草书琴,/Users/yudong/Desktop/KGExplorer/backend/data/raw/text/CQL-txt-id/CQL021.txt,attribute_linked,qincemian.jpg,14,/Users/yudong/Desktop/KGExplorer/backend/data/raw/image/CQL021,
conflict:gq-object-1215b79e6b:lacquer,gq-object-1215b79e6b,谷应,lacquer,漆色,QNQY,千年清音,QNQY033,谷应,黑漆 | 黑色,黑漆 | 黑漆,33_琴底 | 33_琴面 | 33_谷应,partial,黑漆 [supported_exact:1] | 黑色 [not_found:0.2],.3厘米 肩宽 19.4 厘米，尾宽 13.7 厘米，厚 5.6 厘米 1953 年徐圣禅后人捐赠，浙江省博物馆藏 通体髹黑漆，纯鹿角灰胎，通体小流水断与牛毛断。贝壳徽，其中第四徽以翡翠重补。琴首呈弧形，项斜收为内收大弧形，近肩处作一内收小弧形，肩自三徽起，腰在十徽处，为一内收小弧形的腰，双足在九徽处。,/Users/yudong/Desktop/KGExplorer/backend/data/raw/text/QNQY-txt-id/QNQY033.txt,attribute_linked,qimian.jpg,5,/Users/yudong/Desktop/KGExplorer/backend/data/raw/image/QNQY033,mixed_subject_scope | value_not_found_in_text
conflict:gq-object-1215b79e6b:provenance,gq-object-1215b79e6b,谷应,provenance,递藏与来源,CQL,藏琴录,CQL021,谷应,徐桴后人,徐桴后人,21_谷应,supported,徐桴后人 [supported_exact:1],陈氏”印。此琴发音清越而圆润，高音区极为通透。著录于《琴学丛书》中，杨宗稷将其定为雷威万壑松式。 1953 年徐桴后人捐赠 琴长 124.5 厘米，隐间 114.2 厘米，额宽 19.3 厘米，肩宽 19.4 厘米，尾宽 13.7 厘米，厚 5.6 厘米。 “石庵”即刘墉，清乾隆、嘉庆时期著名的书法家、政治,/Users/yudong/Desktop/KGExplorer/backend/data/raw/text/CQL-txt-id/CQL021.txt,record_images_non_diagnostic,mingwen.jpg,14,/Users/yudong/Desktop/KGExplorer/backend/data/raw/image/CQL021,
conflict:gq-object-1215b79e6b:provenance,gq-object-1215b79e6b,谷应,provenance,递藏与来源,QNQY,千年清音,QNQY033,谷应,不详 | 徐圣禅后人 | 杨宗稷,不详 | 徐圣禅后人 | 杨宗稷,33_谷应,structural_problem,不详 [placeholder:0] | 徐圣禅后人 [supported_exact:1] | 杨宗稷 [supported_exact:1],5厘米，隐间114.2厘米，额宽19.3厘米 肩宽 19.4 厘米，尾宽 13.7 厘米，厚 5.6 厘米 1953 年徐圣禅后人捐赠，浙江省博物馆藏 通体髹黑漆，纯鹿角灰胎，通体小流水断与牛毛断。贝壳徽，其中第四徽以翡翠重补。琴首呈弧形，项斜收为内收大弧形，近肩处作一内收小弧形，肩自三徽起，腰在十徽处，为一,/Users/yudong/Desktop/KGExplorer/backend/data/raw/text/QNQY-txt-id/QNQY033.txt,record_images_non_diagnostic,mingwen.jpg,5,/Users/yudong/Desktop/KGExplorer/backend/data/raw/image/QNQY033,placeholder_as_value
conflict:gq-object-1215b79e6b:component_material,gq-object-1215b79e6b,谷应,component_material,配件材质,CQL,藏琴录,CQL021,谷应,硬木 | 翡翠,硬木 | 翡翠,21_徽第四徽 | 21_谷应,supported,硬木 [supported_exact:1] | 翡翠 [supported_exact:1],「谷应」七弦琴 黑漆，纯鹿角灰胎，通体小流水断与牛毛断。蚌徽，其中第四徽以翡翠重补。圆形龙池、凤沼，镶有硬木边，内部可见六边形木块镶嵌拼接，是为百衲之法。腹内面板木色发黑，龙池内刻正楷填朱砂款“雷霄制”。轸池下草书琴名“谷应”。龙池上方有刘墉草书题款：“人迢迢乎，境寥寥乎，有声之遥遥乎；而独不见之调调之,/Users/yudong/Desktop/KGExplorer/backend/data/raw/text/CQL-txt-id/CQL021.txt,attribute_linked,qindi.jpg,14,/Users/yudong/Desktop/KGExplorer/backend/data/raw/image/CQL021,mixed_subject_scope
conflict:gq-object-1215b79e6b:component_material,gq-object-1215b79e6b,谷应,component_material,配件材质,QNQY,千年清音,QNQY033,谷应,翡翠,翡翠,33_徽 | 33_谷应,supported,翡翠 [supported_exact:1],.6 厘米 1953 年徐圣禅后人捐赠，浙江省博物馆藏 通体髹黑漆，纯鹿角灰胎，通体小流水断与牛毛断。贝壳徽，其中第四徽以翡翠重补。琴首呈弧形，项斜收为内收大弧形，近肩处作一内收小弧形，肩自三徽起，腰在十徽处，为一内收小弧形的腰，双足在九徽处。圆形池沼，龙池边镶有硬木边。龙池凤沼处可见六边形木块镶嵌拼接,/Users/yudong/Desktop/KGExplorer/backend/data/raw/text/QNQY-txt-id/QNQY033.txt,attribute_linked,qimian.jpg,5,/Users/yudong/Desktop/KGExplorer/backend/data/raw/image/QNQY033,mixed_subject_scope
conflict:gq-object-1215b79e6b:inscription,gq-object-1215b79e6b,谷应,inscription,铭文,CQL,藏琴录,CQL021,谷应,梦禅居士藏 | 谷应 | 雷霄制,梦禅居士藏 | 谷应 | 雷霄制,21_轸池 | 21_龙池 | 21_龙池下中,supported,梦禅居士藏 [supported_exact:1] | 谷应 [supported_exact:1] | 雷霄制 [supported_exact:1],有声之遥遥乎；而独不见之调调之刁刁乎。”署款“乙卯闰二月石庵题”，并有“刘墉之印”方印一枚。 龙池下中题“梦禅居士藏”，下有方印“闻妙龛”。左题篆书：“空谷足音兮，我思古人，情之怡兮，坐不可驰，与尔无间兮，朝夕于斯。”右题隶书“解愠阜财”，下方另刻小隶：“李唐物，雷霄制。一千年，今何世？琴有知，应流涕，时百藏,/Users/yudong/Desktop/KGExplorer/backend/data/raw/text/CQL-txt-id/CQL021.txt,attribute_linked,mingwen.jpg,14,/Users/yudong/Desktop/KGExplorer/backend/data/raw/image/CQL021,mixed_subject_scope
conflict:gq-object-1215b79e6b:inscription,gq-object-1215b79e6b,谷应,inscription,铭文,QNQY,千年清音,QNQY033,谷应,刘墉 | 梦禅居士藏 | 解愠阜财 | 谷应 | 雷霄制,刘墉 | 梦禅居士藏 | 解愠阜财 | 谷应 | 雷霄制,33_琴底 | 33_龙池,supported,刘墉 [supported_exact:1] | 梦禅居士藏 [supported_exact:1] | 解愠阜财 [supported_exact:1] | 谷应 [supported_exact:1] | 雷霄制 [supported_exact:1],在九徽处。圆形池沼，龙池边镶有硬木边。龙池凤沼处可见六边形木块镶嵌拼接，是为百衲之法。 轸池下草书“谷应”二字琴名。龙池上方刘墉草书：“人迢迢乎，境寥寥乎，有声遥遥乎，而独不见之调调之刁刁乎。”落款“乙卯闰二月石庵题”，并有“刘墉之印”方印一枚。龙池下方中部刻有“梦禅居士藏”，下有方印“闲妙龛”。龙池下,/Users/yudong/Desktop/KGExplorer/backend/data/raw/text/QNQY-txt-id/QNQY033.txt,attribute_linked,mingwen.jpg,5,/Users/yudong/Desktop/KGExplorer/backend/data/raw/image/QNQY033,mixed_subject_scope
conflict:gq-object-1215b79e6b:inscriber,gq-object-1215b79e6b,谷应,inscriber,题刻者,CQL,藏琴录,CQL021,谷应,21_刘墉,21_刘墉,21_龙池上方,structural_problem,21_刘墉 [entity_reference:0],唐 灵机式「谷应」七弦琴 黑漆，纯鹿角灰胎，通体小流水断与牛毛断。蚌徽，其中第四徽以翡翠重补。圆形龙池、凤沼，镶有硬木边，内部可见六边形木块镶嵌拼接，是为百衲之法。腹内面板木色发黑，龙池内刻正楷填朱砂款“雷霄制”。轸池下草书琴名“谷应”。龙池上方有刘墉草书题款：“人迢迢乎，境寥寥乎，有声之遥遥乎；而独不见之调调之刁刁乎。”署款“乙卯闰二月石庵题”，并有“刘墉,/Users/yudong/Desktop/KGExplorer/backend/data/raw/text/CQL-txt-id/CQL021.txt,attribute_linked,mingwen.jpg,14,/Users/yudong/Desktop/KGExplorer/backend/data/raw/image/CQL021,internal_entity_reference
conflict:gq-object-1215b79e6b:inscriber,gq-object-1215b79e6b,谷应,inscriber,题刻者,QNQY,千年清音,QNQY033,谷应,刘墉,刘墉,33_龙池,supported,刘墉 [supported_exact:1],在九徽处。圆形池沼，龙池边镶有硬木边。龙池凤沼处可见六边形木块镶嵌拼接，是为百衲之法。 轸池下草书“谷应”二字琴名。龙池上方刘墉草书：“人迢迢乎，境寥寥乎，有声遥遥乎，而独不见之调调之刁刁乎。”落款“乙卯闰二月石庵题”，并有“刘墉之印”方印一枚。龙池下方中部刻有“梦禅居士藏”，下有方印“闲妙龛”。龙池下,/Users/yudong/Desktop/KGExplorer/backend/data/raw/text/QNQY-txt-id/QNQY033.txt,attribute_linked,mingwen.jpg,5,/Users/yudong/Desktop/KGExplorer/backend/data/raw/image/QNQY033,
conflict:gq-object-30add4e511:dating,gq-object-30add4e511,韵磬,dating,年代,Gq,古琴,Gq00034,韵磬,明代(1368~1644年),明代,34_韵磬,supported,明代(1368~1644年) [supported_normalized:0.95],12.益王“韵磬”琴 明 (1368～1644年) 仲尼式 通长124.5、隐间106.7、肩宽19.1、肩厚5.1、尾宽13.8、尾厚4.5厘米 20世纪50年代重庆市博物馆收藏 此琴木质面桐底梓。瓦灰胎， 葛布胎底；表面枣红漆为后髹，漆 工低劣；琴底原漆为黑漆，隐见蛇 腹断。池沼皆为长方形，龙池19.3× 2.6、凤沼11.4×2.1厘米。纳音微 拱。蚌,/Users/yudong/Desktop/KGExplorer/backend/data/raw/text/Gq-txt-id/Gq00034.txt,record_images_non_diagnostic,mingwen.jpg,13,/Users/yudong/Desktop/KGExplorer/backend/data/raw/image/Gq00034,
conflict:gq-object-30add4e511:dating,gq-object-30add4e511,韵磬,dating,年代,Yjzq,一见钟琴,Yjzq00033,韵磬,大明隆庆四年(1570年),大明隆庆四年,33_韵磬,supported,大明隆庆四年(1570年) [supported_exact:1],表漆覆盖，难以通识。龙池下刻一篆文大印“盘王之宝”；其下另有一方印“存诚养德”。龙池内纳音石刻字一行：“大明隆庆四年（1570年）岁次庚午季秋即日。”其左刻：“益藩世孙潢南道人获古桐材雅制。”凤沼纳音石刻：“洪都谌廷用奉。”左接刻：“命按古式口研。” 此琴为明“四王琴”中的盘王琴，为第四代益王（益宣王）朱翊刚（号潢南道人）所,/Users/yudong/Desktop/KGExplorer/backend/data/raw/text/Yjzq-txt-id/Yjzq00033.txt,record_images_non_diagnostic,qimian.jpg,5,/Users/yudong/Desktop/KGExplorer/backend/data/raw/image/Yjzq00033,
conflict:gq-object-30add4e511:form,gq-object-30add4e511,韵磬,form,形制,Gq,古琴,Gq00034,韵磬,仲尼式,仲尼式,34_韵磬,supported,仲尼式 [supported_exact:1],12.益王“韵磬”琴 明 (1368～1644年) 仲尼式 通长124.5、隐间106.7、肩宽19.1、肩厚5.1、尾宽13.8、尾厚4.5厘米 20世纪50年代重庆市博物馆收藏 此琴木质面桐底梓。瓦灰胎， 葛布胎底；表面枣红漆为后髹，漆 工低劣；琴,/Users/yudong/Desktop/KGExplorer/backend/data/raw/text/Gq-txt-id/Gq00034.txt,attribute_linked,qimian.jpg,13,/Users/yudong/Desktop/KGExplorer/backend/data/raw/image/Gq00034,
conflict:gq-object-30add4e511:form,gq-object-30add4e511,韵磬,form,形制,Yjzq,一见钟琴,Yjzq00033,韵磬,长方形,长方形,33_龙池,supported,长方形 [supported_exact:1],1厘米。 桐木制，表面枣红漆为后桐，原漆为黑漆，尚可见蛇腹断透出；瓦灰，葛布胎底；蚌徽，汉白玉轸七个；长方形池沼。 琴底项部刻行书琴名“韵磬”，龙池两侧原各刻有一行字，但被表漆覆盖，难以通识。龙池下刻一篆文大印“盘王之宝”；其下另有一方印“存诚养德”。龙池内纳音石刻字一行：“大明隆庆四年（1570年）岁次,/Users/yudong/Desktop/KGExplorer/backend/data/raw/text/Yjzq-txt-id/Yjzq00033.txt,attribute_linked,qimian.jpg,5,/Users/yudong/Desktop/KGExplorer/backend/data/raw/image/Yjzq00033,
conflict:gq-object-30add4e511:material,gq-object-30add4e511,韵磬,material,材质,Gq,古琴,Gq00034,韵磬,面桐底梓,面桐底梓,34_韵磬,supported,面桐底梓 [supported_exact:1],间106.7、肩宽19.1、肩厚5.1、尾宽13.8、尾厚4.5厘米 20世纪50年代重庆市博物馆收藏 此琴木质面桐底梓。瓦灰胎， 葛布胎底；表面枣红漆为后髹，漆 工低劣；琴底原漆为黑漆，隐见蛇 腹断。池沼皆为长方形，龙池19.3× 2.6、凤沼11.4×2.1厘米。纳音微 拱。蚌徽，七个汉白玉轸，一对汉 ,/Users/yudong/Desktop/KGExplorer/backend/data/raw/text/Gq-txt-id/Gq00034.txt,attribute_linked,qimian.jpg,13,/Users/yudong/Desktop/KGExplorer/backend/data/raw/image/Gq00034,
conflict:gq-object-30add4e511:material,gq-object-30add4e511,韵磬,material,材质,Yjzq,一见钟琴,Yjzq00033,韵磬,桐木,桐木,33_韵磬,supported,桐木 [supported_exact:1],琴名“韵磬”，通长124.5厘米、肩宽9.1厘米、肩厚5.1厘米。 桐木制，表面枣红漆为后桐，原漆为黑漆，尚可见蛇腹断透出；瓦灰，葛布胎底；蚌徽，汉白玉轸七个；长方形池沼。 琴底项部刻行书琴名“韵磬”，龙池两侧原各刻有一行字，但被表漆覆盖，难以通识。龙池下刻一篆文大印“,/Users/yudong/Desktop/KGExplorer/backend/data/raw/text/Yjzq-txt-id/Yjzq00033.txt,attribute_linked,qimian.jpg,5,/Users/yudong/Desktop/KGExplorer/backend/data/raw/image/Yjzq00033,
conflict:gq-object-30add4e511:ash,gq-object-30add4e511,韵磬,ash,灰胎,Gq,古琴,Gq00034,韵磬,瓦灰胎 | 葛布胎底,瓦灰胎 | 葛布胎底,34_韵磬,supported,瓦灰胎 [supported_exact:1] | 葛布胎底 [supported_exact:1],7、肩宽19.1、肩厚5.1、尾宽13.8、尾厚4.5厘米 20世纪50年代重庆市博物馆收藏 此琴木质面桐底梓。瓦灰胎， 葛布胎底；表面枣红漆为后髹，漆 工低劣；琴底原漆为黑漆，隐见蛇 腹断。池沼皆为长方形，龙池19.3× 2.6、凤沼11.4×2.1厘米。纳音微 拱。蚌徽，七个汉白玉轸，一对汉 白玉雁足,/Users/yudong/Desktop/KGExplorer/backend/data/raw/text/Gq-txt-id/Gq00034.txt,attribute_linked,qimian.jpg,13,/Users/yudong/Desktop/KGExplorer/backend/data/raw/image/Gq00034,
conflict:gq-object-30add4e511:ash,gq-object-30add4e511,韵磬,ash,灰胎,Yjzq,一见钟琴,Yjzq00033,韵磬,瓦灰 | 葛布胎,瓦灰 | 葛布胎,33_韵磬,supported,瓦灰 [supported_exact:1] | 葛布胎 [supported_exact:1],4.5厘米、肩宽9.1厘米、肩厚5.1厘米。 桐木制，表面枣红漆为后桐，原漆为黑漆，尚可见蛇腹断透出；瓦灰，葛布胎底；蚌徽，汉白玉轸七个；长方形池沼。 琴底项部刻行书琴名“韵磬”，龙池两侧原各刻有一行字，但被表漆覆盖，难以通识。龙池下刻一篆文大印“盘王之宝”；其下另有一方印“存诚养德”。龙池内纳音石刻字,/Users/yudong/Desktop/KGExplorer/backend/data/raw/text/Yjzq-txt-id/Yjzq00033.txt,attribute_linked,qimian.jpg,5,/Users/yudong/Desktop/KGExplorer/backend/data/raw/image/Yjzq00033,
conflict:gq-object-30add4e511:inscription,gq-object-30add4e511,韵磬,inscription,铭文,Gq,古琴,Gq00034,韵磬,大明隆庆四年岁次庚午季秋吉旦 | 存诚养德 | 洪都谌廷用奉命按古式□斫 | 益王之宝 | 益藩世孙潢南道人获古桐材雅制 | 韵磬,大明隆庆四年岁次庚午季秋吉旦 | 存诚养德 | 洪都谌廷用奉命按古式□斫 | 益王之宝 | 益藩世孙潢南道人获古桐材雅制 | 韵磬,34_琴底,supported,大明隆庆四年岁次庚午季秋吉旦 [supported_exact:1] | 存诚养德 [supported_exact:1] | 洪都谌廷用奉命按古式□斫 [supported_exact:1] | 益王之宝 [supported_exact:1] | 益藩世孙潢南道人获古桐材雅制 [supported_exact:1] | 韵磬 [supported_exact:1],认；龙池下刻一10.8×10.8厘米篆文大印“益王之宝”；其下另有一8.5×8.1厘米方印“存诚养德”。龙池内纳音右刻字一行“大明隆庆四年岁次庚午季秋吉旦”；其左刻“益藩世孙潢南道人获古桐材雅制”；凤沼纳音两边刻“洪都谌廷用奉命按古式□斫”。隆庆四年为1570年。 此琴为明“四王琴”中的益王琴。 琴头 琴尾 琴底,/Users/yudong/Desktop/KGExplorer/backend/data/raw/text/Gq-txt-id/Gq00034.txt,attribute_linked,mingwen.jpg,13,/Users/yudong/Desktop/KGExplorer/backend/data/raw/image/Gq00034,
conflict:gq-object-30add4e511:inscription,gq-object-30add4e511,韵磬,inscription,铭文,Yjzq,一见钟琴,Yjzq00033,韵磬,存诚养德 | 盘王之宝 | 韵磬,存诚养德 | 盘王之宝 | 韵磬,33_琴底 | 33_龙池,supported,存诚养德 [supported_exact:1] | 盘王之宝 [supported_exact:1] | 韵磬 [supported_exact:1],韵磬”，龙池两侧原各刻有一行字，但被表漆覆盖，难以通识。龙池下刻一篆文大印“盘王之宝”；其下另有一方印“存诚养德”。龙池内纳音石刻字一行：“大明隆庆四年（1570年）岁次庚午季秋即日。”其左刻：“益藩世孙潢南道人获古桐材雅制。”凤沼纳音石刻：“洪都谌廷用奉。”左接刻：“命按古式口研。” 此琴为明“四王琴”中,/Users/yudong/Desktop/KGExplorer/backend/data/raw/text/Yjzq-txt-id/Yjzq00033.txt,record_images_only,qimian.jpg,5,/Users/yudong/Desktop/KGExplorer/backend/data/raw/image/Yjzq00033,mixed_subject_scope
